Id_project,Id_employee,Compliance ,Effectiveness,Quality,Satisfaction,Productivity,Workteam,Complaints
5,1001,18.2,0.15,10.81,0.85,0.81,0.48,99 Complaints
2,1002,31.75,0.07,25.45,0.74,0.83,0.69,63 Complaints
3,1003,39.71,0.14,28.69,0.76,0.74,0.52,66 Complaints
1,1004,23.23,0.06,13.2,0.75,0.82,0.54,19 Complaints
1,1005,5.41,0.19,9.44,0.89,0.86,0.5,16 Complaints
3,1006,23.47,0.13,13.28,0.88,0.72,0.68,73 Complaints
2,1007,36.04,0.17,27.35,0.73,0.77,0.7,12 Complaints
2,1008,17.69,0.13,11.09,0.82,0.68,0.7,22 Complaints
4,1009,20.83,0.05,12.18,0.89,0.9,0.57,7 Complaints
2,1010,26.04,0.16,22.36,0.98,0.73,0.7,74 Complaints
6,1011,31.95,0.02,23.51,0.87,0.84,0.61,9 Complaints
6,1012,23.28,0.14,12.73,0.81,0.85,0.47,49 Complaints
1,1013,31.71,0.14,15.6,0.96,0.67,0.46,71 Complaints
2,1014,30.81,0.02,24.99,0.8,0.9,0.51,87 Complaints
2,1015,24.61,0.16,13.89,0.88,0.67,0.69,17 Complaints
5,1016,30.55,0.07,23.11,0.91,0.8,0.44,11 Complaints
7,1017,22.98,0.07,13.25,0.73,0.78,0.62,32 Complaints
7,1018,6.89,0.03,9.02,0.77,0.79,0.68,73 Complaints
4,1019,15.96,0.17,9.57,0.81,0.67,0.65,86 Complaints
3,1020,34.65,0.09,23.4,0.74,0.74,0.59,10 Complaints
2,1021,32.49,0.12,15.56,0.85,0.76,0.55,17 Complaints
5,1022,20.05,0.08,11.84,0.81,0.77,0.66,82 Complaints
1,1023,30.08,0.03,14.89,0.88,0.73,0.48,36 Complaints
2,1024,18.81,0.01,10.91,0.99,0.65,0.58,79 Complaints
1,1025,25.26,0.18,21.62,0.89,0.84,0.55,52 Complaints
5,1026,26.99,0.11,15.67,0.73,0.87,0.48,86 Complaints
5,1027,41.62,0.01,28.47,0.93,0.67,0.57,60 Complaints
1,1028,18.37,0.02,10.95,0.78,0.89,0.43,85 Complaints
6,1029,6.61,0.02,9.93,0.89,0.9,0.65,85 Complaints
2,1030,24.99,0.15,22.24,0.75,0.9,0.57,61 Complaints
7,1031,32.08,0.2,24.95,0.94,0.84,0.46,33 Complaints
7,1032,29.79,0.13,23.42,0.92,0.78,0.53,69 Complaints
3,1033,33.33,0.07,25.31,0.92,0.83,0.53,0 Complaints
2,1034,26.13,0.02,23.14,0.92,0.78,0.48,0 Complaints
3,1035,22.44,0.04,20.59,0.77,0.85,0.63,38 Complaints
5,1036,35.82,0,27.18,0.94,0.72,0.63,38 Complaints
2,1037,27.31,0.07,14.03,0.81,0.85,0.44,70 Complaints
6,1038,26.92,0.05,19.99,0.82,0.69,0.69,1 Complaints
7,1039,18.66,0.05,11.53,0.84,0.84,0.56,97 Complaints
7,1040,29.29,0.14,15.88,0.85,0.74,0.44,52 Complaints
3,1041,27.05,0.19,23.52,0.82,0.71,0.69,79 Complaints
3,1042,31.83,0.06,14.94,0.88,0.69,0.48,4 Complaints
2,1043,29.3,0.14,23.62,0.86,0.89,0.43,6 Complaints
4,1044,7.83,0.18,10.63,0.95,0.75,0.69,100 Complaints
1,1045,29.16,0.15,20.34,0.79,0.73,0.7,84 Complaints
3,1046,27.77,0.15,23.61,0.8,0.76,0.49,57 Complaints
6,1047,31.77,0.17,24.91,0.73,0.74,0.56,76 Complaints
2,1048,25.37,0.17,22.94,0.97,0.78,0.59,32 Complaints
1,1049,19.55,0.2,11.69,0.88,0.77,0.56,31 Complaints
5,1050,17.42,0.06,11.82,0.85,0.66,0.44,48 Complaints
2,1051,21.15,0.17,21.4,0.77,0.67,0.44,24 Complaints
6,1052,32.31,0.13,25.3,0.92,0.82,0.54,60 Complaints
1,1053,28.51,0.08,13.37,0.92,0.87,0.6,78 Complaints
3,1054,30.86,0.09,13.98,1,0.66,0.51,70 Complaints
6,1055,29.07,0,20.29,0.85,0.85,0.58,99 Complaints
6,1056,21.55,0.06,13.13,0.9,0.75,0.54,6 Complaints
5,1057,32.92,0.07,21.04,0.76,0.67,0.62,80 Complaints
5,1058,29.46,0.18,23.17,0.78,0.78,0.68,68 Complaints
1,1059,27.74,0.18,19.9,0.77,0.73,0.69,3 Complaints
5,1060,29.23,0.04,23.7,0.94,0.73,0.67,81 Complaints
4,1061,29.53,0.04,24.04,0.8,0.69,0.59,53 Complaints
6,1062,17.1,0.06,11.53,0.75,0.77,0.46,40 Complaints
1,1063,18.07,0.14,10.93,0.74,0.8,0.5,87 Complaints
2,1064,29.62,0.11,22.73,0.9,0.77,0.66,53 Complaints
3,1065,31.1,0.15,20.86,0.85,0.69,0.66,36 Complaints
2,1066,25.6,0,21.65,0.88,0.77,0.67,71 Complaints
3,1067,40.84,0.2,28.63,1,0.74,0.44,10 Complaints
3,1068,22.6,0.05,13.49,0.87,0.69,0.67,62 Complaints
7,1069,25.57,0.2,13.76,0.81,0.8,0.52,36 Complaints
3,1070,24.01,0.11,21.01,0.73,0.89,0.44,46 Complaints
7,1071,28.45,0.17,13.33,0.8,0.77,0.66,15 Complaints
6,1072,15.54,0.05,10.53,0.93,0.77,0.65,62 Complaints
4,1073,35.77,0.19,26.72,0.77,0.66,0.51,56 Complaints
2,1074,29.09,0.16,22.72,0.79,0.87,0.59,19 Complaints
5,1075,30.44,0.09,23.98,0.75,0.88,0.63,7 Complaints
2,1076,35.48,0.01,16.14,0.76,0.72,0.49,36 Complaints
7,1077,35.27,0.06,26.95,0.95,0.87,0.56,72 Complaints
3,1078,38.19,0.08,26.97,0.98,0.68,0.63,39 Complaints
2,1079,31.09,0.08,23.86,0.92,0.75,0.48,83 Complaints
1,1080,24.38,0.04,22.2,0.75,0.74,0.59,52 Complaints
3,1081,15.15,0.16,10.22,0.97,0.68,0.65,41 Complaints
1,1082,22.46,0.2,13.59,0.88,0.9,0.63,80 Complaints
1,1083,36.47,0.11,27.81,0.83,0.76,0.7,39 Complaints
6,1084,24.63,0.12,22.47,1,0.65,0.6,43 Complaints
1,1085,25.79,0.09,20.7,0.84,0.9,0.66,17 Complaints
6,1086,4.88,0,9.53,0.74,0.84,0.65,43 Complaints
4,1087,21.44,0.04,19.96,0.79,0.73,0.47,80 Complaints
3,1088,26.44,0.1,22.39,0.95,0.75,0.6,67 Complaints
3,1089,35.93,0.12,26.68,0.73,0.77,0.44,52 Complaints
7,1090,34.82,0.18,27.01,0.91,0.77,0.43,15 Complaints
7,1091,6.01,0.11,9.45,0.75,0.82,0.55,32 Complaints
5,1092,31.23,0.07,14.64,0.75,0.78,0.53,78 Complaints
6,1093,30.52,0.2,14.84,0.76,0.87,0.62,98 Complaints
7,1094,35.02,0.16,26.51,0.73,0.8,0.61,31 Complaints
3,1095,29.38,0.15,23.33,0.99,0.7,0.67,95 Complaints
1,1096,31.87,0.03,15.06,0.97,0.66,0.5,72 Complaints
3,1097,37,0.19,26.25,0.76,0.76,0.56,11 Complaints
1,1098,29.55,0.12,13.53,0.98,0.75,0.56,40 Complaints
7,1099,28.8,0.14,24.17,0.82,0.65,0.55,16 Complaints
3,1100,29.32,0.12,13.36,0.8,0.73,0.5,99 Complaints
5,1101,5.83,0.18,9.11,1,0.9,0.7,78 Complaints
2,1102,23.1,0.06,13.26,0.96,0.87,0.65,14 Complaints
1,1103,25.39,0.01,13.43,0.94,0.8,0.44,98 Complaints
4,1104,28.02,0.06,22.87,0.73,0.9,0.69,91 Complaints
6,1105,28.93,0.09,22.66,0.93,0.71,0.5,32 Complaints
5,1106,28.73,0.06,13.55,0.8,0.86,0.52,100 Complaints
2,1107,29.14,0.1,22.37,0.74,0.85,0.51,20 Complaints
5,1108,7.25,0.18,9.65,0.94,0.88,0.52,44 Complaints
7,1109,21.11,0.09,20.36,0.74,0.85,0.65,52 Complaints
3,1110,23.02,0.02,21.18,0.92,0.81,0.45,57 Complaints
3,1111,26.32,0.19,21.22,0.75,0.88,0.55,44 Complaints
6,1112,5.28,0.15,9.54,0.87,0.9,0.52,29 Complaints
5,1113,24.69,0.2,13.29,0.82,0.88,0.54,0 Complaints
2,1114,29.9,0.16,14.01,0.79,0.7,0.45,41 Complaints
7,1115,6.53,0,9.63,0.78,0.84,0.55,82 Complaints
5,1116,20.78,0.19,12.69,0.83,0.68,0.5,22 Complaints
4,1117,23.32,0.2,13.42,0.75,0.77,0.68,84 Complaints
5,1118,4.73,0.08,8.35,0.73,0.9,0.69,85 Complaints
6,1119,31.72,0.01,14.73,0.84,0.9,0.5,38 Complaints
1,1120,25.17,0.14,22.58,0.81,0.85,0.55,45 Complaints
7,1121,35.65,0.02,26.85,0.79,0.79,0.55,44 Complaints
1,1122,25.48,0,22.37,0.89,0.68,0.67,85 Complaints
5,1123,17.39,0.07,11.89,0.94,0.72,0.63,93 Complaints
6,1124,28.22,0.15,22.8,0.82,0.8,0.52,37 Complaints
3,1125,24.14,0.13,22.5,0.79,0.74,0.56,31 Complaints
1,1126,19.15,0.04,11.31,0.8,0.89,0.55,97 Complaints
3,1127,31.35,0.14,15.21,0.91,0.9,0.58,81 Complaints
2,1128,23.73,0.17,21.47,0.77,0.84,0.58,20 Complaints
2,1129,27.49,0.04,19.54,0.74,0.89,0.63,17 Complaints
3,1130,26.16,0,23.13,0.92,0.76,0.52,40 Complaints
4,1131,27.65,0.13,22.81,0.84,0.88,0.7,41 Complaints
5,1132,6.66,0.06,10,0.73,0.72,0.49,12 Complaints
1,1133,24.15,0.11,21.5,0.81,0.8,0.45,50 Complaints
1,1134,22.63,0.19,12.77,0.99,0.89,0.45,23 Complaints
1,1135,31.14,0.07,23.58,0.8,0.73,0.5,37 Complaints
2,1136,17.78,0,11.7,0.82,0.84,0.47,33 Complaints
4,1137,24.93,0.03,22.76,0.86,0.68,0.45,39 Complaints
6,1138,30.17,0.12,24.9,0.76,0.66,0.5,13 Complaints
7,1139,36.64,0.05,26.96,0.81,0.87,0.63,84 Complaints
3,1140,30.15,0.2,21.29,0.99,0.89,0.63,14 Complaints
3,1141,29.84,0.16,21.11,0.73,0.68,0.48,61 Complaints
2,1142,6.24,0.18,9.35,0.92,0.84,0.52,88 Complaints
7,1143,25.87,0.12,21.84,0.81,0.72,0.58,61 Complaints
4,1144,25.04,0.17,21.58,0.84,0.8,0.66,16 Complaints
3,1145,21.91,0.19,12.49,0.75,0.69,0.51,55 Complaints
6,1146,30.9,0.16,14.35,0.95,0.75,0.56,82 Complaints
2,1147,20.68,0.08,12.88,0.74,0.89,0.44,19 Complaints
4,1148,22.2,0.16,20.85,0.9,0.76,0.6,85 Complaints
2,1149,27.79,0.11,13.15,0.76,0.8,0.63,57 Complaints
5,1150,35.08,0.1,26.34,0.93,0.86,0.56,77 Complaints
4,1151,4.97,0.13,8.72,0.95,0.65,0.6,84 Complaints
4,1152,26.76,0.18,23.88,0.79,0.79,0.45,78 Complaints
6,1153,26.69,0.08,23.05,0.85,0.83,0.57,51 Complaints
6,1154,29.17,0.19,20.84,0.83,0.71,0.53,66 Complaints
1,1155,23.79,0.12,21.13,0.94,0.76,0.55,47 Complaints
5,1156,35.27,0.12,26.61,0.95,0.73,0.61,41 Complaints
6,1157,33.75,0.15,26.15,0.9,0.66,0.49,93 Complaints
4,1158,26.13,0.14,21.69,0.98,0.89,0.63,64 Complaints
3,1159,37.28,0.07,27.85,0.85,0.9,0.69,60 Complaints
3,1160,37.6,0,28.41,0.95,0.89,0.66,5 Complaints
4,1161,19.71,0.14,20.39,0.74,0.68,0.53,33 Complaints
7,1162,7.5,0.02,9.79,0.86,0.84,0.56,20 Complaints
4,1163,17.76,0,11.71,0.88,0.78,0.5,50 Complaints
1,1164,31.25,0.11,23.16,0.92,0.87,0.64,81 Complaints
3,1165,26.36,0.06,12.44,0.97,0.87,0.43,70 Complaints
6,1166,36.09,0.09,27.17,0.73,0.74,0.54,68 Complaints
4,1167,25.15,0.03,23.62,0.8,0.75,0.62,85 Complaints
4,1168,23.2,0.04,21.65,0.99,0.85,0.46,25 Complaints
2,1169,24.33,0.05,20.92,0.88,0.79,0.56,44 Complaints
2,1170,29.5,0.03,22.38,0.81,0.68,0.57,100 Complaints
1,1171,32.57,0.15,14.94,0.97,0.68,0.48,79 Complaints
3,1172,29.45,0.17,13.85,0.86,0.66,0.69,76 Complaints
1,1173,37.44,0.01,27.71,0.93,0.82,0.5,19 Complaints
1,1174,3.42,0.2,8.73,0.91,0.71,0.67,6 Complaints
7,1175,25.53,0.18,21.98,0.97,0.83,0.43,90 Complaints
4,1176,19.16,0.05,11.81,0.8,0.68,0.59,21 Complaints
6,1177,22.78,0.03,21.07,0.94,0.68,0.62,29 Complaints
7,1178,29.29,0.06,14.25,0.92,0.87,0.63,29 Complaints
7,1179,30.84,0.05,24.97,1,0.76,0.7,23 Complaints
4,1180,35.18,0.18,25.57,0.81,0.85,0.68,86 Complaints
3,1181,35.94,0.11,26.94,0.86,0.73,0.56,22 Complaints
7,1182,24.21,0,22.59,0.96,0.68,0.55,45 Complaints
4,1183,25.53,0.1,23.23,0.88,0.84,0.69,54 Complaints
4,1184,30.13,0.2,21,0.79,0.81,0.51,75 Complaints
6,1185,23.08,0,20.78,0.9,0.89,0.61,66 Complaints
5,1186,23.16,0.05,14.02,0.87,0.81,0.64,24 Complaints
7,1187,22.46,0,21.19,0.88,0.77,0.47,39 Complaints
7,1188,32.66,0.07,25.63,0.81,0.74,0.62,53 Complaints
1,1189,29.12,0.11,24.54,0.84,0.81,0.57,11 Complaints
7,1190,19.3,0.08,11.81,0.83,0.73,0.43,13 Complaints
7,1191,27.71,0.08,21.63,0.93,0.81,0.62,13 Complaints
7,1192,32.02,0.17,25.42,0.8,0.74,0.51,52 Complaints
4,1193,37.93,0.11,27.28,0.93,0.78,0.54,98 Complaints
5,1194,16.27,0.13,11.32,0.94,0.9,0.6,74 Complaints
7,1195,18.41,0.18,11.25,0.95,0.84,0.43,53 Complaints
4,1196,15.96,0.15,10.25,0.99,0.79,0.67,5 Complaints
7,1197,31.08,0.11,14.53,0.99,0.81,0.53,9 Complaints
5,1198,24.38,0.04,20.93,0.76,0.75,0.64,80 Complaints
6,1199,28.33,0.12,13.4,0.78,0.82,0.62,78 Complaints
4,1200,23.14,0.2,21.19,0.81,0.86,0.61,43 Complaints
5,1201,31.77,0.15,23.95,0.81,0.82,0.55,27 Complaints
5,1202,30.56,0.14,24.42,0.76,0.77,0.64,95 Complaints
3,1203,28.62,0.09,22.02,0.94,0.7,0.59,49 Complaints
1,1204,30.67,0.18,14.2,0.8,0.68,0.57,60 Complaints
1,1205,28.64,0.12,13.17,0.97,0.73,0.43,79 Complaints
4,1206,10.19,0.02,10.34,0.97,0.88,0.64,78 Complaints
1,1207,27.6,0.11,23.02,0.75,0.71,0.66,5 Complaints
1,1208,25.74,0.16,22.37,0.82,0.89,0.65,99 Complaints
6,1209,21.63,0.04,20.68,0.77,0.74,0.65,30 Complaints
4,1210,34.48,0.06,26.52,0.95,0.85,0.45,0 Complaints
5,1211,21.6,0.12,20.29,0.98,0.69,0.67,72 Complaints
7,1212,30.13,0.09,20.5,0.99,0.85,0.65,78 Complaints
7,1213,34.31,0.18,26.29,0.79,0.74,0.51,98 Complaints
7,1214,37.86,0.09,27.9,0.87,0.85,0.49,1 Complaints
7,1215,11.89,0.08,9.04,0.85,0.88,0.56,50 Complaints
1,1216,27.88,0.05,22.56,0.74,0.67,0.57,0 Complaints
3,1217,26.73,0.15,12.63,0.84,0.88,0.54,89 Complaints
7,1218,32.49,0.18,21.82,0.86,0.82,0.58,10 Complaints
6,1219,33.11,0.08,15.07,0.95,0.84,0.52,96 Complaints
1,1220,21.18,0.17,20.78,0.73,0.66,0.49,70 Complaints
2,1221,30.33,0.14,14.32,0.8,0.87,0.5,82 Complaints
7,1222,17.79,0.19,10.22,0.9,0.72,0.61,54 Complaints
1,1223,4.23,0.05,8.9,0.99,0.7,0.67,35 Complaints
4,1224,30.43,0.08,13.8,0.97,0.74,0.63,72 Complaints
5,1225,20.61,0.17,12.17,0.78,0.89,0.66,62 Complaints
6,1226,30.61,0,23.05,0.78,0.65,0.49,54 Complaints
7,1227,20.17,0.16,11.82,0.8,0.65,0.58,36 Complaints
7,1228,33.38,0.03,25.56,0.75,0.66,0.63,13 Complaints
5,1229,25.2,0.09,22.57,0.95,0.76,0.7,3 Complaints
2,1230,37.2,0.03,27.13,0.78,0.81,0.65,56 Complaints
4,1231,21.83,0.09,19.8,0.83,0.67,0.65,83 Complaints
5,1232,23.73,0.07,21.58,0.86,0.83,0.6,27 Complaints
5,1233,25.93,0.03,22.49,0.87,0.84,0.44,61 Complaints
5,1234,28.42,0.19,22.19,0.98,0.7,0.48,92 Complaints
2,1235,7.09,0.11,10.12,0.93,0.86,0.65,69 Complaints
6,1236,34,0.16,21.93,0.8,0.65,0.61,35 Complaints
3,1237,6.03,0.02,9.65,0.97,0.68,0.7,22 Complaints
1,1238,27.42,0.08,22.11,0.77,0.75,0.67,44 Complaints
6,1239,25.8,0.08,22.19,0.74,0.68,0.53,88 Complaints
7,1240,26.32,0.03,12.2,0.76,0.75,0.59,95 Complaints
4,1241,30.48,0.1,24.65,0.96,0.86,0.67,54 Complaints
3,1242,23.55,0,20.92,0.79,0.82,0.66,70 Complaints
3,1243,6.54,0.05,9.03,0.93,0.73,0.46,68 Complaints
3,1244,26.69,0.18,23.18,0.88,0.86,0.43,89 Complaints
2,1245,30.61,0.15,21.08,0.83,0.82,0.51,50 Complaints
2,1246,26.92,0.15,22.09,0.97,0.74,0.48,37 Complaints
2,1247,5.15,0.05,9.28,0.8,0.72,0.5,55 Complaints
4,1248,21.62,0.18,12.18,0.82,0.69,0.54,25 Complaints
1,1249,24.88,0.19,13.68,0.92,0.68,0.54,85 Complaints
3,1250,26.05,0.1,21.88,0.82,0.7,0.51,42 Complaints
6,1251,39.66,0.04,28.95,0.77,0.67,0.64,97 Complaints
2,1252,30.56,0.1,21.54,0.96,0.66,0.44,30 Complaints
1,1253,7.18,0.17,10.16,0.9,0.73,0.57,84 Complaints
1,1254,24.49,0,21.77,0.93,0.76,0.5,38 Complaints
6,1255,33.58,0.1,25.68,0.82,0.9,0.45,34 Complaints
4,1256,17.26,0.1,10.39,0.84,0.82,0.46,8 Complaints
3,1257,32.61,0.16,25.09,0.88,0.88,0.5,14 Complaints
4,1258,26.82,0.03,22.4,0.75,0.87,0.7,75 Complaints
7,1259,33.15,0.13,25.38,0.88,0.84,0.55,36 Complaints
6,1260,32.03,0.04,24.18,0.95,0.84,0.47,49 Complaints
4,1261,25.05,0.12,22.11,0.88,0.83,0.52,9 Complaints
1,1262,34.75,0.11,26.47,0.75,0.71,0.49,3 Complaints
2,1263,35.85,0.1,26.82,0.92,0.71,0.43,72 Complaints
4,1264,38.23,0,27.19,0.95,0.86,0.49,40 Complaints
6,1265,15.79,0.04,10.39,0.98,0.8,0.49,27 Complaints
2,1266,31.98,0.17,25.19,0.91,0.7,0.49,21 Complaints
4,1267,27.56,0.17,22.25,0.89,0.87,0.48,52 Complaints
3,1268,4.66,0.15,8.78,0.73,0.76,0.56,64 Complaints
4,1269,37.97,0.1,27.43,0.83,0.77,0.7,30 Complaints
5,1270,26.45,0.09,23.63,0.94,0.71,0.62,49 Complaints
6,1271,24.94,0.02,21.87,1,0.81,0.7,12 Complaints
7,1272,16.9,0.06,10.76,0.8,0.84,0.64,37 Complaints
1,1273,22.51,0.18,12.82,0.78,0.73,0.59,65 Complaints
6,1274,33.18,0.15,25.99,0.93,0.81,0.53,0 Complaints
7,1275,6.47,0.13,9.58,0.92,0.89,0.64,75 Complaints
2,1276,34.32,0.15,26.57,0.82,0.69,0.65,75 Complaints
3,1277,31.22,0.06,25.8,0.83,0.9,0.66,6 Complaints
5,1278,22.2,0.14,12.53,1,0.79,0.52,28 Complaints
4,1279,32.07,0.2,21.76,0.89,0.71,0.57,15 Complaints
7,1280,22.84,0.13,21.18,0.8,0.66,0.44,57 Complaints
4,1281,40.14,0.12,28.81,0.86,0.89,0.46,38 Complaints
6,1282,28.51,0.08,22.41,0.8,0.89,0.57,28 Complaints
4,1283,26.79,0.12,21.31,0.93,0.74,0.45,46 Complaints
6,1284,18.78,0.19,12.05,0.92,0.67,0.63,31 Complaints
7,1285,34.74,0.01,26.82,0.82,0.68,0.49,39 Complaints
3,1286,23.75,0.01,20.73,0.8,0.76,0.63,54 Complaints
3,1287,18.3,0.09,11.93,0.89,0.77,0.48,39 Complaints
6,1288,22.4,0.05,21.3,0.76,0.87,0.59,85 Complaints
2,1289,27.78,0.16,20.15,0.88,0.73,0.63,44 Complaints
5,1290,29.5,0.02,22.81,0.78,0.85,0.66,75 Complaints
4,1291,38.69,0.01,28.06,1,0.74,0.45,43 Complaints
4,1292,28.26,0.02,13.07,0.99,0.73,0.47,32 Complaints
3,1293,26.25,0.1,22.29,0.88,0.67,0.46,51 Complaints
1,1294,24.35,0.05,22.24,0.78,0.86,0.49,34 Complaints
7,1295,29.44,0.07,20.95,0.86,0.79,0.61,39 Complaints
7,1296,20.4,0.15,11.77,0.84,0.86,0.63,19 Complaints
2,1297,24.36,0.16,22.37,0.76,0.73,0.62,67 Complaints
6,1298,22.39,0.06,21.28,0.89,0.89,0.48,38 Complaints
2,1299,35.31,0.33,26.23,0.91,0.7,0.66,68 Complaints
1,1300,29.91,0.25,20.56,0.78,0.86,0.69,62 Complaints
2,1301,22.62,0.33,21.56,0.97,0.83,0.49,89 Complaints
6,1302,24.36,0.27,21.3,0.93,0.72,0.55,99 Complaints
4,1303,28.81,0.22,21.95,0.81,0.7,0.64,10 Complaints
4,1304,40.08,0.32,28.63,1,0.86,0.69,62 Complaints
3,1305,24.6,0.2,13.35,0.99,0.65,0.63,82 Complaints
7,1306,30.98,0.32,20.92,0.83,0.65,0.52,85 Complaints
1,1307,19.22,0.22,10.91,0.87,0.84,0.7,72 Complaints
1,1308,29.58,0.33,14.14,0.81,0.88,0.57,38 Complaints
4,1309,26.74,0.25,23.39,0.96,0.8,0.48,78 Complaints
4,1310,25.8,0.34,22.46,0.99,0.77,0.45,37 Complaints
2,1311,22.61,0.28,12.87,0.95,0.81,0.68,23 Complaints
6,1312,7.29,0.28,9.77,0.85,0.65,0.48,26 Complaints
2,1313,29.47,0.31,13.51,0.94,0.68,0.62,74 Complaints
2,1314,25.84,0.21,14.05,0.99,0.77,0.6,99 Complaints
4,1315,31.6,0.28,24.83,0.93,0.71,0.48,84 Complaints
6,1316,24.78,0.28,22.06,0.83,0.87,0.58,1 Complaints
5,1317,20.06,0.2,20.33,0.78,0.79,0.43,93 Complaints
6,1318,31.71,0.35,14.17,0.82,0.7,0.5,72 Complaints
3,1319,31.84,0.32,25.87,0.96,0.78,0.44,10 Complaints
2,1320,34.76,0.23,22.3,0.9,0.88,0.66,46 Complaints
2,1321,29.06,0.28,13.78,0.91,0.67,0.47,95 Complaints
1,1322,29.62,0.2,20.32,0.92,0.68,0.6,85 Complaints
3,1323,32.55,0.31,24.22,0.79,0.86,0.61,85 Complaints
5,1324,28.75,0.27,19.51,0.95,0.77,0.5,89 Complaints
3,1325,31.52,0.24,14.91,0.93,0.72,0.54,38 Complaints
6,1326,38.37,0.29,27.61,0.84,0.79,0.69,46 Complaints
1,1327,33.5,0.26,25.72,1,0.65,0.45,92 Complaints
7,1328,37.73,0.3,27.83,0.82,0.87,0.56,3 Complaints
1,1329,4.03,0.22,7.93,0.91,0.82,0.58,33 Complaints
1,1330,6.01,0.24,9.67,0.74,0.77,0.69,33 Complaints
6,1331,25.64,0.35,21.31,0.79,0.7,0.68,41 Complaints
4,1332,33.53,0.27,15.52,0.94,0.87,0.53,64 Complaints
7,1333,23.26,0.25,20.72,0.92,0.74,0.51,76 Complaints
6,1334,27,0.35,14.65,0.87,0.84,0.5,24 Complaints
6,1335,32.16,0.33,25.07,0.78,0.74,0.66,17 Complaints
3,1336,29.51,0.2,20.82,0.87,0.9,0.45,64 Complaints
5,1337,30.62,0.21,14.6,0.91,0.79,0.67,35 Complaints
4,1338,18.58,0.33,10.49,0.86,0.81,0.44,66 Complaints
3,1339,36.91,0.33,27.19,0.76,0.85,0.52,10 Complaints
3,1340,31.05,0.31,13.81,0.81,0.68,0.6,57 Complaints
7,1341,27.19,0.29,22.38,0.89,0.78,0.45,4 Complaints
2,1342,40.46,0.29,29.48,0.89,0.66,0.47,59 Complaints
5,1343,23.5,0.32,21.09,0.79,0.81,0.64,75 Complaints
4,1344,26.7,0.21,23.1,0.89,0.7,0.5,68 Complaints
3,1345,29.08,0.22,13.25,0.9,0.69,0.5,61 Complaints
7,1346,26.44,0.26,22.56,0.79,0.84,0.63,46 Complaints
2,1347,23.87,0.31,21.43,0.97,0.74,0.48,100 Complaints
3,1348,28.65,0.34,20.08,0.87,0.68,0.67,4 Complaints
3,1349,33.34,0.24,22.38,0.73,0.86,0.46,32 Complaints
3,1350,31.87,0.23,24.78,0.97,0.68,0.64,85 Complaints
6,1351,27.96,0.27,20.65,0.76,0.73,0.58,76 Complaints
5,1352,33.78,0.29,26.45,0.75,0.85,0.65,50 Complaints
2,1353,33.63,0.32,22.4,0.82,0.73,0.47,50 Complaints
4,1354,28.8,0.2,19.99,0.85,0.75,0.43,83 Complaints
1,1355,31.69,0.26,22.07,0.89,0.88,0.43,97 Complaints
6,1356,29.57,0.27,13.8,0.87,0.9,0.49,11 Complaints
6,1357,32.19,0.33,25.63,0.82,0.76,0.66,88 Complaints
1,1358,7.05,0.28,10.36,0.87,0.78,0.63,98 Complaints
5,1359,6.19,0.21,9.4,0.9,0.67,0.49,43 Complaints
7,1360,30.39,0.32,20.54,0.97,0.84,0.46,48 Complaints
5,1361,25.68,0.32,22.11,0.87,0.86,0.58,38 Complaints
7,1362,29.09,0.23,15.62,0.83,0.86,0.67,94 Complaints
7,1363,28.46,0.26,13.86,0.98,0.71,0.53,46 Complaints
6,1364,25.23,0.3,23.03,0.77,0.83,0.58,29 Complaints
4,1365,13.48,0.3,9.97,1,0.67,0.52,42 Complaints
2,1366,36.38,0.21,27.72,0.86,0.87,0.58,67 Complaints
3,1367,32.02,0.31,21.88,0.92,0.65,0.67,47 Complaints
4,1368,26.68,0.23,23.31,0.74,0.82,0.55,57 Complaints
2,1369,29.49,0.2,20.46,0.83,0.73,0.46,63 Complaints
3,1370,28.26,0.25,23.64,0.93,0.9,0.49,76 Complaints
3,1371,26.45,0.24,12.2,0.8,0.7,0.58,89 Complaints
3,1372,5.2,0.21,9.89,0.94,0.72,0.45,71 Complaints
7,1373,23.61,0.34,21.51,0.82,0.87,0.47,57 Complaints
1,1374,25.82,0.33,22.08,0.81,0.88,0.46,76 Complaints
1,1375,27.09,0.25,14.97,0.86,0.68,0.5,35 Complaints
4,1376,23.99,0.34,13.69,0.78,0.77,0.47,52 Complaints
7,1377,26.2,0.24,22.54,0.91,0.7,0.62,93 Complaints
1,1378,31.16,0.33,14.05,0.79,0.89,0.68,76 Complaints
3,1379,7.64,0.3,9.94,0.75,0.83,0.66,25 Complaints
1,1380,7.71,0.33,9.99,0.88,0.9,0.6,58 Complaints
2,1381,18.46,0.26,12.16,0.78,0.66,0.65,59 Complaints
5,1382,29.57,0.33,24.57,1,0.9,0.61,29 Complaints
6,1383,35.51,0.24,26.22,0.89,0.7,0.7,45 Complaints
6,1384,22.4,0.32,21.48,0.81,0.74,0.46,91 Complaints
2,1385,29.99,0.34,19.96,0.75,0.89,0.66,79 Complaints
7,1386,31.95,0.24,24.16,0.98,0.81,0.49,79 Complaints
1,1387,29.4,0.31,23.68,0.74,0.9,0.68,86 Complaints
7,1388,25.38,0.27,21.83,0.73,0.74,0.46,5 Complaints
3,1389,38.8,0.31,27.57,0.95,0.68,0.68,69 Complaints
3,1390,21.02,0.24,12.39,0.74,0.75,0.64,43 Complaints
6,1391,29.07,0.31,19.65,0.73,0.7,0.53,91 Complaints
2,1392,33.04,0.22,21.87,0.81,0.81,0.61,30 Complaints
4,1393,23.83,0.24,21.67,0.74,0.77,0.66,76 Complaints
2,1394,32.49,0.29,23.52,0.8,0.88,0.47,89 Complaints
1,1395,28.73,0.3,22.06,0.78,0.89,0.57,5 Complaints
1,1396,25.69,0.2,22.46,0.75,0.74,0.47,54 Complaints
5,1397,16.34,0.2,9.48,0.79,0.89,0.52,18 Complaints
3,1398,32.8,0.25,21.43,0.8,0.66,0.68,90 Complaints
6,1399,25.01,0.34,22.67,0.82,0.87,0.55,47 Complaints
6,1400,26.16,0.23,22.03,0.78,0.72,0.57,20 Complaints
5,1401,29.69,0.29,24.55,0.8,0.88,0.64,43 Complaints
5,1402,37.81,0.27,27.46,0.77,0.82,0.57,83 Complaints
2,1403,31.2,0.28,25.33,0.89,0.74,0.68,65 Complaints
6,1404,4.54,0.28,8.51,0.87,0.81,0.66,0 Complaints
7,1405,30.76,0.24,23.61,0.8,0.79,0.53,6 Complaints
1,1406,30.57,0.32,24.56,0.79,0.85,0.43,88 Complaints
6,1407,33.01,0.24,25.59,0.87,0.65,0.63,35 Complaints
1,1408,29.99,0.24,22.66,0.8,0.66,0.47,14 Complaints
4,1409,28.85,0.3,23.07,0.78,0.71,0.66,73 Complaints
3,1410,23.07,0.29,13.59,0.79,0.76,0.45,10 Complaints
6,1411,22.9,0.33,12.42,0.97,0.65,0.61,61 Complaints
3,1412,31.93,0.35,25.54,0.82,0.86,0.66,14 Complaints
2,1413,29.64,0.33,14.3,0.91,0.77,0.57,78 Complaints
2,1414,24.67,0.23,21.86,0.76,0.76,0.54,63 Complaints
6,1415,26.03,0.29,21.81,0.98,0.67,0.6,28 Complaints
2,1416,30.37,0.25,20.86,0.86,0.82,0.69,41 Complaints
7,1417,30.4,0.27,21.02,0.9,0.67,0.49,43 Complaints
5,1418,20.25,0.21,12.05,0.9,0.88,0.43,40 Complaints
4,1419,22.27,0.3,20.97,0.77,0.85,0.52,44 Complaints
6,1420,1.66,0.23,7.15,1,0.72,0.63,57 Complaints
6,1421,22.93,0.33,12.75,0.91,0.68,0.57,5 Complaints
7,1422,31.86,0.34,22,0.81,0.86,0.43,21 Complaints
3,1423,20.88,0.2,12.9,0.85,0.81,0.59,82 Complaints
1,1424,24.19,0.31,13.71,0.84,0.76,0.65,32 Complaints
6,1425,25.64,0.2,13.86,0.99,0.74,0.48,62 Complaints
7,1426,29.27,0.24,20.25,0.81,0.85,0.54,24 Complaints
3,1427,24.8,0.35,13.51,0.74,0.68,0.48,71 Complaints
1,1428,22.25,0.25,12.2,0.78,0.83,0.43,63 Complaints
2,1429,28.08,0.25,23.79,0.95,0.73,0.56,73 Complaints
1,1430,23.05,0.29,13.33,0.84,0.68,0.66,2 Complaints
1,1431,39.82,0.34,28.64,0.99,0.74,0.47,38 Complaints
4,1432,27.35,0.24,22.32,0.87,0.81,0.66,23 Complaints
1,1433,38.26,0.29,27.94,0.96,0.69,0.67,6 Complaints
6,1434,22.54,0.33,13.8,0.76,0.83,0.49,9 Complaints
7,1435,29.44,0.21,22.93,0.83,0.71,0.47,49 Complaints
5,1436,30.63,0.2,20.67,0.87,0.7,0.7,35 Complaints
4,1437,27.57,0.22,23.71,0.77,0.86,0.66,48 Complaints
5,1438,33.85,0.35,15.88,0.91,0.67,0.52,92 Complaints
4,1439,25.21,0.24,13.86,0.74,0.75,0.55,27 Complaints
1,1440,27.77,0.26,24.14,0.97,0.7,0.48,19 Complaints
7,1441,6.67,0.34,8.76,0.96,0.65,0.68,31 Complaints
5,1442,27.73,0.23,21.98,0.79,0.81,0.67,32 Complaints
7,1443,8.65,0.3,10.41,0.73,0.83,0.67,70 Complaints
4,1444,34.97,0.31,17.04,0.8,0.76,0.47,27 Complaints
6,1445,28.09,0.21,23.8,0.97,0.89,0.5,96 Complaints
3,1446,32.35,0.31,15.15,0.78,0.73,0.68,28 Complaints
7,1447,6.45,0.24,8.91,0.97,0.67,0.67,15 Complaints
5,1448,28.93,0.21,21.02,0.78,0.79,0.58,98 Complaints
7,1449,29.6,0.21,13.79,0.89,0.83,0.6,3 Complaints
5,1450,33.63,0.29,15.13,0.95,0.72,0.67,93 Complaints
4,1451,18.65,0.23,11.64,0.77,0.83,0.46,73 Complaints
6,1452,18.21,0.32,11.09,0.78,0.6,0.6,79 Complaints
3,1453,32.54,0.2,22.38,0.97,0.32,0.69,91 Complaints
6,1454,30.11,0.34,13.79,0.92,0.67,0.7,15 Complaints
5,1455,30.44,0.2,21.15,0.89,0.88,0.82,77 Complaints
7,1456,39.99,0.23,28.83,0.95,0.85,0.91,68 Complaints
2,1457,30.32,0.24,24.2,0.76,0.6,0.92,44 Complaints
6,1458,7.3,0.22,9.87,0.79,0.5,0.94,40 Complaints
3,1459,6.45,0.32,9.52,0.94,0.54,0.73,2 Complaints
4,1460,24.01,0.23,21.49,0.88,0.59,0.67,50 Complaints
4,1461,22.68,0.29,12.9,0.9,0.38,0.87,24 Complaints
3,1462,29.72,0.23,14.32,0.98,0.47,0.79,64 Complaints
3,1463,29.36,0.2,22.1,0.84,0.26,0.85,19 Complaints
5,1464,27.26,0.31,14.93,0.92,0.9,0.92,54 Complaints
7,1465,25.68,0.29,23.11,0.8,0.46,0.75,44 Complaints
6,1466,41.06,0.2,28.94,0.89,0.7,0.72,32 Complaints
4,1467,30.04,0.35,24.34,0.92,0.29,0.67,59 Complaints
7,1468,37.61,0.33,27.29,0.74,0.55,0.76,6 Complaints
7,1469,6.79,0.23,8.78,0.84,0.32,0.85,33 Complaints
6,1470,30.43,0.27,25.11,0.8,0.31,0.95,71 Complaints
7,1471,27.78,0.28,21.46,0.92,0.72,1,14 Complaints
2,1472,31.88,0.2,24.64,0.96,0.64,0.8,87 Complaints
4,1473,39.97,0.31,28.28,0.8,0.6,0.91,84 Complaints
4,1474,33.68,0.35,14.65,0.99,0.58,0.92,22 Complaints
5,1475,38.56,0.26,28.56,0.94,0.37,0.92,5 Complaints
5,1476,19.03,0.35,11.63,0.74,0.62,0.89,80 Complaints
6,1477,33.57,0.3,24.84,0.82,0.35,0.84,23 Complaints
5,1478,26,0.29,21.19,0.77,0.45,0.66,30 Complaints
1,1479,29.53,0.33,21.88,0.9,0.68,1,18 Complaints
1,1480,40.08,0.25,28.05,0.78,0.24,0.71,51 Complaints
1,1481,34.26,0.29,26.51,0.84,0.26,0.84,58 Complaints
7,1482,29.46,0.2,22.61,0.99,0.48,0.79,25 Complaints
3,1483,3.06,0.25,7.81,0.73,0.34,0.93,66 Complaints
6,1484,34.13,0.24,22.49,0.8,0.68,0.81,48 Complaints
5,1485,37.05,0.24,26.84,0.97,0.62,0.85,89 Complaints
5,1486,29.73,0.3,23.67,0.74,0.44,0.99,5 Complaints
3,1487,33.66,0.32,22.25,0.97,0.77,0.97,81 Complaints
4,1488,26.71,0.26,22.79,0.87,0.52,0.73,67 Complaints
2,1489,22.78,0.28,20.07,0.76,0.79,0.83,68 Complaints
1,1490,32.7,0.27,25.25,0.89,0.21,0.76,84 Complaints
6,1491,26.43,0.32,19.8,0.8,0.84,0.77,24 Complaints
1,1492,28.46,0.26,23.04,0.99,0.86,0.65,1 Complaints
1,1493,36.45,0.3,26.67,0.95,0.62,0.98,44 Complaints
3,1494,30.48,0.3,23.34,0.79,0.6,0.71,73 Complaints
6,1495,38.11,0.27,27.79,0.93,0.79,0.65,74 Complaints
2,1496,33.9,0.3,25.79,1,0.25,0.82,74 Complaints
1,1497,7.31,0.32,10.25,0.74,0.51,0.97,46 Complaints
3,1498,38,0.27,27.55,0.89,0.73,0.75,53 Complaints
4,1499,28.17,0.34,13.8,0.85,0.33,0.83,61 Complaints
5,1500,28.71,0.27,23.25,0.95,0.87,0.83,73 Complaints
6,1501,28.61,0.2,13.62,0.98,0.2,0.9,6 Complaints
1,1502,29.66,0.32,23.04,1,0.79,0.9,0 Complaints
5,1503,21.49,0.2,12.86,0.96,0.54,0.67,9 Complaints
5,1504,2.33,0.32,7.78,0.93,0.46,0.95,83 Complaints
2,1505,38.7,0.34,28.57,0.79,0.66,0.92,50 Complaints
1,1506,5.58,0.27,8.06,0.74,0.75,0.75,65 Complaints
4,1507,26.01,0.23,22.3,1,0.47,0.99,87 Complaints
1,1508,19.33,0.21,12.59,0.76,0.86,0.87,79 Complaints
3,1509,18.92,0.24,11.1,0.93,0.59,0.72,99 Complaints
2,1510,31.65,0.34,23.86,0.93,0.32,0.98,35 Complaints
7,1511,31.91,0.32,23.48,0.92,0.77,0.92,14 Complaints
5,1512,25.2,0.27,22.41,0.82,0.57,0.76,10 Complaints
5,1513,23.93,0.35,21.35,0.96,0.26,0.72,53 Complaints
1,1514,27.87,0.21,23.17,0.84,0.66,0.91,55 Complaints
5,1515,28.46,0.29,23.59,0.92,0.7,0.77,34 Complaints
5,1516,33.37,0.35,14.86,1,0.69,0.83,22 Complaints
7,1517,20.29,0.24,12.44,0.94,0.67,0.68,94 Complaints
3,1518,28.57,0.22,12.92,0.99,0.74,0.8,21 Complaints
7,1519,23.43,0.22,14.33,0.83,0.41,0.77,85 Complaints
3,1520,25.84,0.29,21.69,1,0.73,0.74,12 Complaints
7,1521,31.48,0.29,24.54,0.77,0.64,0.93,7 Complaints
2,1522,29.19,0.21,24.07,0.74,0.45,0.72,97 Complaints
5,1523,17.16,0.34,11.22,0.95,0.72,1,60 Complaints
3,1524,4.77,0.34,8.96,0.77,0.27,0.89,77 Complaints
1,1525,33.35,0.28,15.22,0.86,0.45,0.99,83 Complaints
5,1526,32.52,0.35,24.64,0.98,0.78,0.79,16 Complaints
1,1527,23.33,0.32,21,0.84,0.52,0.88,48 Complaints
6,1528,22.2,0.24,20.63,0.99,0.89,0.84,65 Complaints
3,1529,27.55,0.27,22.38,0.99,0.25,0.88,96 Complaints
3,1530,36.12,0.31,23.08,0.73,0.77,0.95,41 Complaints
6,1531,25.95,0.35,14.08,0.94,0.85,0.66,32 Complaints
3,1532,23.26,0.35,20.75,0.74,0.27,0.66,7 Complaints
3,1533,26.92,0.25,23.54,0.88,0.69,0.82,89 Complaints
3,1534,31.17,0.21,14.08,1,0.42,0.91,4 Complaints
1,1535,28.08,0.28,23.57,0.92,0.25,0.92,68 Complaints
6,1536,25.51,0.26,21.02,0.81,0.53,0.86,82 Complaints
4,1537,26.94,0.27,22.46,0.9,0.75,0.86,45 Complaints
2,1538,28.88,0.22,23.32,0.92,0.53,0.81,5 Complaints
6,1539,18.45,0.21,10.65,0.75,0.79,0.96,21 Complaints
5,1540,30.7,0.24,13.63,0.92,0.68,0.67,25 Complaints
1,1541,14.83,0.29,10.21,0.77,0.29,0.65,76 Complaints
5,1542,21.91,0.31,20.4,0.95,0.88,0.73,61 Complaints
2,1543,23.84,0.31,22.84,0.91,0.42,0.95,17 Complaints
5,1544,21.07,0.31,12.52,0.94,0.71,0.93,50 Complaints
2,1545,27.58,0.32,19.55,0.87,0.22,0.72,24 Complaints
4,1546,29.19,0.26,24.42,0.87,0.86,0.85,40 Complaints
6,1547,26.2,0.26,23.12,0.93,0.26,0.87,42 Complaints
3,1548,25.68,0.23,14.14,0.76,0.48,0.66,42 Complaints
2,1549,33.33,0.25,26.34,0.84,0.65,0.7,91 Complaints
5,1550,3.65,0.31,8.31,0.96,0.9,0.99,89 Complaints
1,1551,42.08,0.35,29.11,0.9,0.63,0.82,80 Complaints
5,1552,4.08,0.32,7.94,0.89,0.65,0.8,10 Complaints
5,1553,35.11,0.33,26.86,0.97,0.86,0.87,98 Complaints
6,1554,30.84,0.28,21.24,0.74,0.26,0.71,27 Complaints
6,1555,20.45,0.21,12.49,0.74,0.34,0.72,86 Complaints
5,1556,25.7,0.32,14.39,0.78,0.41,0.72,75 Complaints
4,1557,38.21,0.35,28.17,0.8,0.23,0.83,13 Complaints
3,1558,24.03,0.26,22.07,0.91,0.28,0.73,96 Complaints
6,1559,25.3,0.26,19.21,0.89,0.58,0.98,84 Complaints
2,1560,29.67,0.2,22.41,1,0.41,0.67,42 Complaints
5,1561,31.96,0.27,25.35,0.81,0.41,0.81,28 Complaints
4,1562,24.45,0.32,22.32,0.83,0.61,0.93,82 Complaints
3,1563,16.86,0.3,10.52,0.93,0.26,0.8,59 Complaints
3,1564,32.46,0.29,24.6,0.74,0.31,0.68,1 Complaints
4,1565,37.88,0.26,27.57,0.85,0.67,0.73,72 Complaints
7,1566,36.26,0.33,27.28,0.79,0.54,0.93,1 Complaints
3,1567,36.1,0.31,26.59,0.94,0.42,0.65,40 Complaints
4,1568,22.85,0.25,13.07,0.92,0.52,0.81,66 Complaints
7,1569,21.73,0.33,12.4,0.99,0.87,0.72,23 Complaints
3,1570,35.97,0.35,27.36,0.87,0.36,0.82,40 Complaints
2,1571,40.64,0.21,29.13,0.73,0.39,0.88,99 Complaints
4,1572,36.75,0.28,27.57,0.77,0.27,0.86,0 Complaints
2,1573,30.53,0.25,23.82,0.97,0.84,0.9,75 Complaints
5,1574,30.22,0.25,23.48,0.75,0.2,0.78,21 Complaints
5,1575,26.05,0.29,14.7,0.93,0.53,0.75,49 Complaints
7,1576,18.92,0.29,11.92,0.92,0.29,0.67,66 Complaints
4,1577,8.33,0.29,10.2,0.96,0.79,0.79,63 Complaints
5,1578,26.2,0.2,23.35,0.76,0.44,0.69,61 Complaints
1,1579,25.92,0.23,23.16,0.73,0.53,0.67,20 Complaints
6,1580,30.17,0.24,14.39,0.96,0.44,0.81,2 Complaints
4,1581,31.35,0.34,21.55,0.96,0.26,0.82,85 Complaints
5,1582,31.07,0.23,20.96,1,0.43,0.72,27 Complaints
7,1583,23.19,0.31,20.5,0.99,0.29,0.9,82 Complaints
4,1584,22.97,0.32,21.12,0.99,0.26,0.82,95 Complaints
6,1585,19.98,0.35,11.61,0.89,0.32,0.88,89 Complaints
3,1586,15.34,0.3,10.93,0.91,0.42,0.7,47 Complaints
7,1587,32.17,0.26,24.88,0.74,0.8,0.65,4 Complaints
2,1588,28.48,0.34,21.47,0.76,0.46,0.65,79 Complaints
7,1589,30.21,0.35,23.73,0.83,0.58,0.88,32 Complaints
4,1590,8.09,0.26,10.71,0.74,0.49,0.94,72 Complaints
6,1591,28.73,0.32,13.64,0.96,0.29,0.92,55 Complaints
6,1592,32.66,0.21,25.17,0.97,0.57,0.88,11 Complaints
7,1593,28.94,0.31,23.95,0.82,0.9,0.7,36 Complaints
1,1594,25.83,0.32,22.33,1,0.61,0.74,48 Complaints
7,1595,37.6,0.27,26.98,0.96,0.78,0.92,43 Complaints
5,1596,23.79,0.31,14.59,0.94,0.84,0.73,7 Complaints
7,1597,31.46,0.31,24.13,0.93,0.47,0.69,29 Complaints
1,1598,30.99,0.3,13.81,0.88,0.64,0.98,57 Complaints
4,1599,28.24,0.35,22.71,0.86,0.49,0.89,71 Complaints
2,1600,19.85,0.41,19.48,0.88,0.9,0.71,17 Complaints
7,1601,29.38,0.41,14.35,0.93,0.39,0.94,88 Complaints
1,1602,23.66,0.47,21.89,0.78,0.69,0.9,59 Complaints
1,1603,30.5,0.4,23.91,0.91,0.68,0.67,95 Complaints
4,1604,7.97,0.41,10.19,0.88,0.62,0.68,11 Complaints
3,1605,23.87,0.36,13.83,0.83,0.84,0.78,45 Complaints
4,1606,32.2,0.35,21.13,0.82,0.22,0.97,19 Complaints
4,1607,30.79,0.39,14.89,0.74,0.25,0.7,26 Complaints
1,1608,20.88,0.44,13.47,0.8,0.4,1,9 Complaints
6,1609,19.88,0.47,11.87,0.87,0.66,0.9,100 Complaints
4,1610,31.66,0.37,24.86,0.85,0.77,0.65,5 Complaints
4,1611,25.57,0.35,14.11,0.74,0.53,0.75,55 Complaints
5,1612,38.65,0.45,28.24,0.94,0.21,0.86,11 Complaints
2,1613,34.5,0.44,26.76,0.75,0.73,0.89,71 Complaints
2,1614,22.01,0.36,21.29,0.97,0.76,0.77,56 Complaints
6,1615,27.36,0.4,22.14,0.77,0.31,0.73,82 Complaints
6,1616,18.15,0.45,12.1,0.91,0.85,0.85,27 Complaints
2,1617,17.88,0.37,11.16,1,0.34,0.91,74 Complaints
1,1618,27.97,0.42,22.9,0.78,0.79,0.79,99 Complaints
7,1619,33.45,0.36,21.99,0.95,0.41,0.66,99 Complaints
2,1620,32.28,0.44,14.73,0.97,0.66,0.75,57 Complaints
3,1621,22.75,0.42,20.79,0.77,0.26,0.79,94 Complaints
2,1622,26.82,0.5,22.77,0.93,0.67,1,90 Complaints
4,1623,38.21,0.43,27.62,0.75,0.52,0.71,75 Complaints
7,1624,26.65,0.37,23.44,0.98,0.9,0.8,25 Complaints
4,1625,18.29,0.49,10.25,0.79,0.52,0.8,92 Complaints
6,1626,30.28,0.42,23.25,0.74,0.69,0.99,94 Complaints
6,1627,24.22,0.37,21.99,0.79,0.48,0.91,79 Complaints
6,1628,32.17,0.41,25.13,0.73,0.79,0.9,16 Complaints
5,1629,26.61,0.36,14.52,0.75,0.41,0.73,99 Complaints
1,1630,40.26,0.4,28.99,0.99,0.89,0.88,68 Complaints
2,1631,31.59,0.49,14.54,0.85,0.56,0.89,10 Complaints
1,1632,23.97,0.43,13.68,0.8,0.27,0.83,81 Complaints
7,1633,27.46,0.4,21.99,0.77,0.78,0.77,23 Complaints
3,1634,23.11,0.5,20.39,0.86,0.66,0.98,81 Complaints
6,1635,37.26,0.46,27.45,0.88,0.69,0.98,65 Complaints
4,1636,31.17,0.48,24.84,0.74,0.8,0.66,16 Complaints
7,1637,19.43,0.43,11.59,0.83,0.88,0.68,3 Complaints
1,1638,22.16,0.39,13.09,0.77,0.71,0.66,79 Complaints
6,1639,30.83,0.43,23.27,0.99,0.88,0.67,61 Complaints
5,1640,30.84,0.45,21.85,0.77,0.9,0.81,12 Complaints
1,1641,25.48,0.5,23.51,0.76,0.64,0.95,77 Complaints
2,1642,8.27,0.46,9.78,0.88,0.66,0.67,86 Complaints
3,1643,29.64,0.47,23.79,0.93,0.33,0.75,100 Complaints
6,1644,32.54,0.38,24.95,0.83,0.63,0.86,90 Complaints
4,1645,27.35,0.48,19.98,0.88,0.84,0.87,34 Complaints
3,1646,35.8,0.44,27.74,0.89,0.84,0.81,41 Complaints
4,1647,8.14,0.48,9.85,0.84,0.82,0.8,71 Complaints
7,1648,30.65,0.49,14.22,0.85,0.8,0.99,38 Complaints
6,1649,25.34,0.41,13.42,0.86,0.74,0.81,31 Complaints
4,1650,7.56,0.48,10.06,0.77,0.31,0.76,18 Complaints
3,1651,21.96,0.48,12.86,0.92,0.38,0.98,26 Complaints
6,1652,38.87,0.37,28.19,0.73,0.74,0.74,51 Complaints
7,1653,29.69,0.46,23.55,0.87,0.75,0.75,82 Complaints
5,1654,26.98,0.41,21.83,0.99,0.54,0.93,35 Complaints
1,1655,29.75,0.45,20.95,0.85,0.3,0.73,12 Complaints
7,1656,25.06,0.47,13.75,0.8,0.53,0.65,8 Complaints
1,1657,26.86,0.5,21.89,0.77,0.9,0.74,64 Complaints
4,1658,20.99,0.49,20.52,1,0.37,0.86,35 Complaints
6,1659,22.28,0.37,21.09,0.83,0.8,0.91,28 Complaints
4,1660,36.59,0.36,26.88,0.78,0.72,0.69,16 Complaints
1,1661,30.77,0.37,14.58,0.95,0.86,0.91,72 Complaints
6,1662,16.76,0.39,9.88,0.75,0.2,0.99,8 Complaints
7,1663,32.73,0.38,15.48,0.97,0.38,0.78,2 Complaints
5,1664,23.52,0.48,21.34,0.93,0.33,0.89,59 Complaints
6,1665,29.33,0.5,13.88,0.8,0.54,0.8,62 Complaints
2,1666,32.92,0.36,24.31,0.78,0.83,0.9,63 Complaints
3,1667,38.3,0.35,28.12,0.99,0.49,0.72,28 Complaints
2,1668,29.07,0.36,23.75,0.76,0.39,0.83,20 Complaints
7,1669,18.93,0.38,12.28,1,0.31,0.82,12 Complaints
7,1670,25.17,0.36,22.01,0.8,0.48,0.68,48 Complaints
4,1671,7.32,0.48,10.08,0.76,0.83,0.68,26 Complaints
4,1672,3.65,0.48,8.25,0.86,0.41,0.99,14 Complaints
7,1673,21.11,0.46,11.85,0.76,0.89,0.86,35 Complaints
6,1674,30.88,0.37,20.58,0.77,0.36,0.85,67 Complaints
4,1675,31.48,0.49,24.67,0.73,0.37,0.83,81 Complaints
7,1676,22.78,0.47,13.88,0.84,0.3,0.7,15 Complaints
3,1677,30.4,0.4,23.7,0.97,0.38,0.93,91 Complaints
6,1678,23.39,0.4,13.89,0.75,0.25,0.71,19 Complaints
4,1679,19.26,0.47,12.1,0.96,0.56,0.79,52 Complaints
2,1680,15.88,0.43,10.26,0.86,0.56,0.67,98 Complaints
2,1681,36.07,0.38,27.29,0.78,0.89,0.67,38 Complaints
2,1682,25.23,0.49,22.19,0.97,0.22,0.7,2 Complaints
2,1683,37.37,0.39,27.89,0.89,0.7,0.86,44 Complaints
7,1684,20.76,0.35,11.73,0.93,0.85,0.83,69 Complaints
7,1685,18.21,0.49,12.15,0.9,0.3,0.66,25 Complaints
1,1686,34.84,0.47,26.82,0.85,0.27,0.72,14 Complaints
6,1687,32.37,0.41,24.6,0.74,0.86,0.99,25 Complaints
6,1688,27.61,0.44,19.54,0.82,0.76,0.74,85 Complaints
2,1689,21.87,0.41,12.2,0.95,0.42,0.91,78 Complaints
1,1690,31.43,0.4,25.24,0.8,0.88,0.67,78 Complaints
5,1691,30.43,0.42,24.67,0.85,0.74,0.79,49 Complaints
1,1692,7.31,0.35,10.29,0.83,0.75,0.75,89 Complaints
4,1693,30.21,0.48,21.38,0.9,0.56,0.66,93 Complaints
4,1694,5.08,0.46,9.25,0.8,0.79,0.81,25 Complaints
2,1695,29.81,0.48,23.24,0.91,0.45,0.97,52 Complaints
3,1696,19.25,0.49,11.68,0.86,0.62,0.71,98 Complaints
6,1697,28.71,0.39,20.2,0.78,0.57,0.81,69 Complaints
7,1698,34.85,0.38,15.43,0.75,0.63,0.67,13 Complaints
6,1699,31.8,0.4,24.95,0.98,0.23,0.99,37 Complaints
4,1700,36.55,0.36,27.75,0.69,0.33,0.94,0 Complaints
6,1701,33.5,0.38,25.89,0.59,0.51,0.98,78 Complaints
5,1702,26.67,0.47,22.93,0.58,0.36,0.86,77 Complaints
6,1703,20.13,0.5,12.33,0.68,0.62,0.92,55 Complaints
5,1704,33.77,0.4,15.49,0.67,0.71,0.78,27 Complaints
4,1705,39.38,0.47,28.16,0.8,0.64,0.74,14 Complaints
3,1706,31.35,0.5,14.59,0.67,0.23,0.99,55 Complaints
3,1707,23.05,0.43,13.62,0.69,0.37,0.8,11 Complaints
3,1708,40.14,0.48,28.8,0.63,0.64,0.79,99 Complaints
3,1709,5.2,0.39,8.85,0.65,0.39,0.67,6 Complaints
1,1710,20.18,0.35,12.22,0.56,0.62,0.96,83 Complaints
6,1711,23.46,0.41,19.84,0.57,0.61,0.75,75 Complaints
7,1712,34.75,0.44,25.01,0.5,0.68,0.66,98 Complaints
2,1713,32.29,0.44,24.16,0.61,0.32,0.76,90 Complaints
7,1714,31.61,0.47,15.09,0.6,0.58,0.86,27 Complaints
6,1715,39.54,0.35,28.02,0.52,0.63,0.86,99 Complaints
7,1716,21.61,0.4,13.36,0.68,0.37,0.77,10 Complaints
5,1717,32.23,0.49,24.9,0.76,0.89,0.95,50 Complaints
5,1718,35.42,0.37,26.81,0.79,0.43,0.86,40 Complaints
5,1719,25.15,0.41,15.01,0.54,0.83,0.69,28 Complaints
5,1720,21.7,0.35,12.73,0.74,0.35,0.97,37 Complaints
2,1721,20.06,0.4,20.75,0.59,0.51,0.94,72 Complaints
1,1722,25.72,0.4,20.9,0.53,0.25,0.97,2 Complaints
5,1723,25.86,0.44,22.06,0.52,0.4,0.91,7 Complaints
3,1724,24.82,0.5,22.21,0.8,0.38,0.88,9 Complaints
4,1725,28.99,0.44,19.7,0.66,0.36,0.81,32 Complaints
5,1726,28.76,0.36,19.75,0.77,0.86,0.79,33 Complaints
3,1727,25.94,0.42,22.65,0.73,0.57,0.85,17 Complaints
3,1728,22.82,0.44,13.09,0.56,0.85,0.98,9 Complaints
2,1729,30.93,0.43,23.54,0.63,0.3,0.85,11 Complaints
5,1730,1.5,0.39,7.59,0.71,0.76,0.87,14 Complaints
1,1731,27.51,0.41,22.14,0.57,0.61,0.92,23 Complaints
4,1732,32,0.37,15.18,0.5,0.56,1,58 Complaints
7,1733,24.46,0.43,13.58,0.62,0.51,0.65,63 Complaints
3,1734,32.97,0.48,24.12,0.79,0.42,0.82,63 Complaints
2,1735,34,0.41,24.43,0.51,0.71,0.93,14 Complaints
1,1736,38.06,0.44,28.27,0.52,0.51,0.93,31 Complaints
4,1737,36.04,0.42,26.43,0.64,0.84,1,45 Complaints
2,1738,4.48,0.5,8.54,0.71,0.25,0.95,84 Complaints
4,1739,24.37,0.37,20.93,0.61,0.35,0.92,23 Complaints
6,1740,26.77,0.49,22.41,0.65,0.89,0.91,57 Complaints
1,1741,34.03,0.37,25.71,0.78,0.8,0.94,16 Complaints
6,1742,35.85,0.44,26.84,0.77,0.87,0.91,52 Complaints
2,1743,31.65,0.35,14.95,0.71,0.8,1,39 Complaints
2,1744,7.37,0.36,9.34,0.58,0.7,0.84,7 Complaints
7,1745,18.39,0.47,11.78,0.63,0.42,0.93,17 Complaints
5,1746,22.15,0.41,13.4,0.66,0.42,0.86,69 Complaints
6,1747,32.05,0.48,24.86,0.78,0.4,0.67,59 Complaints
1,1748,32.03,0.47,25.16,0.58,0.37,0.86,67 Complaints
5,1749,23.65,0.37,22.22,0.69,0.78,0.68,54 Complaints
3,1750,22.29,0.39,13.19,0.68,0.3,0.66,59 Complaints
3,1751,27.17,0.39,12.89,0.74,0.52,0.74,37 Complaints
7,1752,21.33,0.42,20.12,0.53,0.4,0.66,1 Complaints
4,1753,26.42,0.36,14.45,0.66,0.59,0.88,5 Complaints
5,1754,31.66,0.37,14.93,0.5,0.33,0.75,11 Complaints
4,1755,22.88,0.41,21.24,0.65,0.83,0.98,14 Complaints
4,1756,24.14,0.38,13.8,0.72,0.61,0.98,32 Complaints
6,1757,30.23,0.36,13.28,0.5,0.33,0.74,95 Complaints
4,1758,32.86,0.42,22.06,0.77,0.4,0.95,27 Complaints
7,1759,24.27,0.45,21.15,0.51,0.36,0.69,66 Complaints
6,1760,28.87,0.49,22.82,0.77,0.85,0.75,61 Complaints
2,1761,28.4,0.38,21.85,0.68,0.51,0.67,84 Complaints
5,1762,24.15,0.46,14.23,0.57,0.24,0.65,38 Complaints
1,1763,30.21,0.4,14.31,0.59,0.89,0.81,37 Complaints
6,1764,28.28,0.37,22.03,0.65,0.69,0.65,13 Complaints
6,1765,33.18,0.38,15.52,0.59,0.87,0.66,93 Complaints
5,1766,30.81,0.42,20.95,0.75,0.29,0.8,16 Complaints
1,1767,21.03,0.5,12.47,0.59,0.33,0.75,94 Complaints
7,1768,23.11,0.42,13.46,0.74,0.55,0.66,0 Complaints
3,1769,33.92,0.38,26.76,0.71,0.32,0.97,95 Complaints
4,1770,20.33,0.47,12.81,0.58,0.84,0.97,22 Complaints
2,1771,5.19,0.44,8.19,0.65,0.85,0.94,80 Complaints
3,1772,19.15,0.36,12.08,0.51,0.47,0.7,52 Complaints
2,1773,20.45,0.44,11.75,0.53,0.25,0.86,42 Complaints
7,1774,40.01,0.36,28.74,0.5,0.6,0.8,45 Complaints
5,1775,27.63,0.37,22.53,0.72,0.27,0.77,7 Complaints
4,1776,24.46,0.39,22.61,0.65,0.82,0.87,100 Complaints
4,1777,31.25,0.41,14.9,0.75,0.26,0.92,77 Complaints
6,1778,22.96,0.5,12.57,0.62,0.62,0.68,63 Complaints
2,1779,32.56,0.46,22.29,0.62,0.81,0.68,20 Complaints
4,1780,3.72,0.36,7.87,0.77,0.79,0.69,22 Complaints
4,1781,25.91,0.43,22.48,0.52,0.53,0.7,29 Complaints
2,1782,31.04,0.43,24.51,0.54,0.5,0.95,72 Complaints
7,1783,4.26,0.5,9.02,0.59,0.23,0.8,14 Complaints
6,1784,23.29,0.42,21.23,0.63,0.37,0.92,77 Complaints
4,1785,18.99,0.4,11.64,0.73,0.8,0.82,41 Complaints
3,1786,32.28,0.35,23.54,0.7,0.71,0.82,48 Complaints
7,1787,27.02,0.41,23.37,0.78,0.43,0.7,30 Complaints
5,1788,31.64,0.47,21.31,0.68,0.63,0.85,46 Complaints
7,1789,34.26,0.42,22.25,0.71,0.8,0.81,69 Complaints
1,1790,19.56,0.35,19,0.61,0.48,0.79,40 Complaints
1,1791,35.02,0.38,22.55,0.59,0.37,0.86,18 Complaints
6,1792,32.53,0.47,24.71,0.79,0.45,0.82,39 Complaints
6,1793,26.83,0.49,22.29,0.69,0.54,0.65,27 Complaints
6,1794,28.32,0.5,19.6,0.63,0.67,0.69,6 Complaints
6,1795,25.61,0.42,14.39,0.65,0.35,0.89,92 Complaints
4,1796,30.86,0.48,24.09,0.75,0.49,0.83,30 Complaints
2,1797,27.37,0.43,23.2,0.55,0.55,0.9,25 Complaints
4,1798,20.89,0.41,12.59,0.51,0.69,0.87,0 Complaints
4,1799,30.55,0.44,22.86,0.68,0.48,0.86,84 Complaints
7,1800,32.05,0.35,23.38,0.77,0.79,0.85,87 Complaints
7,1801,30.57,0.46,22.77,0.51,0.89,0.92,22 Complaints
7,1802,25.3,0.37,22.3,0.69,0.73,0.91,41 Complaints
1,1803,24.86,0.44,22.47,0.58,0.44,0.98,40 Complaints
7,1804,26.22,0.42,23.33,0.78,0.57,0.73,71 Complaints
4,1805,30.07,0.4,22.86,0.55,0.46,0.87,35 Complaints
7,1806,30.05,0.4,24.45,0.75,0.82,0.77,2 Complaints
6,1807,33.47,0.42,25.72,0.72,0.59,0.65,75 Complaints
2,1808,35.14,0.39,15.97,0.63,0.7,0.69,84 Complaints
2,1809,29.44,0.43,20.15,0.72,0.62,0.85,18 Complaints
5,1810,26.25,0.36,11.9,0.75,0.69,0.97,31 Complaints
7,1811,31.37,0.5,25.17,0.64,0.72,0.68,98 Complaints
1,1812,30.6,0.37,21.27,0.74,0.72,0.81,88 Complaints
1,1813,22.15,0.43,12.14,0.61,0.26,0.79,62 Complaints
2,1814,23.49,0.45,14.5,0.76,0.67,0.95,7 Complaints
4,1815,31.98,0.39,25.47,0.8,0.6,0.75,15 Complaints
2,1816,8.12,0.39,10.99,0.54,0.33,0.83,72 Complaints
1,1817,9.08,0.46,10.71,0.52,0.5,0.66,4 Complaints
2,1818,18.5,0.45,11.86,0.79,0.44,0.81,63 Complaints
1,1819,24.09,0.48,13.25,0.52,0.72,0.65,82 Complaints
1,1820,37.52,0.42,27.52,0.55,0.23,0.82,73 Complaints
7,1821,23.5,0.44,13.69,0.72,0.83,0.73,5 Complaints
6,1822,25.3,0.35,22.65,0.58,0.71,0.7,58 Complaints
5,1823,7.61,0.43,10.62,0.57,0.54,0.92,36 Complaints
1,1824,9.02,0.42,10.45,0.61,0.31,0.65,76 Complaints
5,1825,21.5,0.5,13.12,0.61,0.61,0.84,24 Complaints
3,1826,31.09,0.45,14.37,0.62,0.74,0.89,66 Complaints
4,1827,30.03,0.47,13.32,0.5,0.39,0.68,5 Complaints
4,1828,20.69,0.48,12.79,0.51,0.21,0.67,50 Complaints
7,1829,40.03,0.37,29.03,0.67,0.53,0.75,64 Complaints
3,1830,22.64,0.39,20.64,0.58,0.47,0.99,71 Complaints
3,1831,6.58,0.47,8.6,0.78,0.76,0.78,7 Complaints
3,1832,24.41,0.4,21.91,0.73,0.32,0.88,36 Complaints
5,1833,38.1,0.49,27.19,0.5,0.9,0.9,65 Complaints
6,1834,31.75,0.5,20.61,0.76,0.88,0.95,13 Complaints
4,1835,25.07,0.43,14.42,0.53,0.43,0.9,81 Complaints
3,1836,35.45,0.35,25.19,0.5,0.59,0.71,67 Complaints
6,1837,38.64,0.41,28.5,0.74,0.21,0.85,34 Complaints
5,1838,28.52,0.4,15.79,0.76,0.22,0.94,97 Complaints
3,1839,23.41,0.39,22.52,0.63,0.51,0.83,45 Complaints
7,1840,13.92,0.36,9.44,0.52,0.24,0.66,90 Complaints
3,1841,28.17,0.48,19.77,0.62,0.72,0.85,33 Complaints
2,1842,27.82,0.39,21.66,0.79,0.2,0.69,2 Complaints
5,1843,29.54,0.35,22.23,0.63,0.69,0.88,0 Complaints
5,1844,19.47,0.5,11.13,0.73,0.41,0.89,13 Complaints
4,1845,33.83,0.41,26.29,0.64,0.26,0.83,80 Complaints
5,1846,36.41,0.48,26.52,0.71,0.89,0.73,35 Complaints
2,1847,18.24,0.39,11.1,0.65,0.68,0.71,28 Complaints
2,1848,22.76,0.44,20.23,0.61,0.79,0.85,26 Complaints
6,1849,29.12,0.5,22.88,0.68,0.22,0.87,2 Complaints
5,1850,4.55,0.41,8.71,0.7,0.63,0.97,90 Complaints
4,1851,18.89,0.5,11.54,0.58,0.57,0.96,80 Complaints
5,1852,7.33,0.37,9.98,0.64,0.59,0.95,35 Complaints
7,1853,27.37,0.41,22.52,0.58,0.51,0.93,14 Complaints
3,1854,29.89,0.36,20.72,0.66,0.34,0.89,0 Complaints
7,1855,29.1,0.43,22.9,0.56,0.78,0.68,55 Complaints
3,1856,28.09,0.48,19.14,0.61,0.24,0.74,99 Complaints
5,1857,19.14,0.39,12.07,0.6,0.43,0.7,5 Complaints
5,1858,21.62,0.42,20.43,0.55,0.61,0.69,54 Complaints
1,1859,24.17,0.49,21.75,0.67,0.78,0.67,91 Complaints
1,1860,32.67,0.42,14.46,0.6,0.2,0.85,52 Complaints
6,1861,24.97,0.36,14.44,0.69,0.64,0.75,98 Complaints
6,1862,26.39,0.49,21.71,0.74,0.69,0.76,14 Complaints
7,1863,5.63,0.44,8.74,0.78,0.87,0.94,43 Complaints
5,1864,23.26,0.42,21.99,0.65,0.76,0.83,52 Complaints
5,1865,31.29,0.36,24.79,0.7,0.68,0.87,42 Complaints
6,1866,34.1,0.44,25.91,0.74,0.58,0.67,70 Complaints
2,1867,30.3,0.4,19.82,0.5,0.84,0.73,45 Complaints
7,1868,5.66,0.4,9.07,0.73,0.54,0.77,48 Complaints
5,1869,27.83,0.37,22.35,0.66,0.81,0.91,69 Complaints
1,1870,27.65,0.48,23.62,0.74,0.76,0.66,100 Complaints
4,1871,25.52,0.36,22.25,0.51,0.55,0.96,87 Complaints
5,1872,31.46,0.43,21.23,0.76,0.44,0.98,87 Complaints
4,1873,32.9,0.48,15.02,0.78,0.52,0.98,33 Complaints
2,1874,3.81,0.42,8.5,0.8,0.83,0.79,70 Complaints
1,1875,23.37,0.45,12.45,0.77,0.38,0.8,88 Complaints
5,1876,6.56,0.4,9.6,0.69,0.79,0.94,12 Complaints
1,1877,24.54,0.41,21.75,0.76,0.75,0.77,94 Complaints
2,1878,26.72,0.39,13.97,0.61,0.78,0.67,44 Complaints
5,1879,27.86,0.47,22.45,0.76,0.6,0.83,58 Complaints
3,1880,37.89,0.38,27.67,0.5,0.68,0.99,10 Complaints
3,1881,36.32,0.5,27.18,0.59,0.61,0.74,40 Complaints
7,1882,22.1,0.37,20.53,0.55,0.86,0.86,46 Complaints
6,1883,6.62,0.48,8.47,0.64,0.45,0.74,89 Complaints
3,1884,29.69,0.45,21.37,0.79,0.53,0.82,36 Complaints
7,1885,33.08,0.49,14.89,0.63,0.84,0.76,92 Complaints
3,1886,29.53,0.37,20.92,0.71,0.69,0.85,86 Complaints
6,1887,30.51,0.5,24.09,0.54,0.87,1,86 Complaints
3,1888,30.86,0.47,23.76,0.74,0.45,0.84,30 Complaints
4,1889,27.38,0.45,22.87,0.69,0.48,0.75,57 Complaints
5,1890,35.51,0.44,26.5,0.75,0.32,0.9,49 Complaints
7,1891,22.67,0.47,20.76,0.8,0.27,0.81,100 Complaints
6,1892,30.04,0.36,23.27,0.63,0.42,0.73,79 Complaints
2,1893,16.3,0.49,10.95,0.6,0.88,0.88,71 Complaints
4,1894,40.69,0.4,27.94,0.62,0.78,0.79,33 Complaints
7,1895,31.84,0.4,24.82,0.55,0.55,0.74,48 Complaints
7,1896,33.76,0.38,26.31,0.71,0.22,0.74,2 Complaints
5,1897,30.73,0.4,20.43,0.59,0.33,0.73,0 Complaints
7,1898,7.59,0.49,10.31,0.76,0.49,0.92,24 Complaints
1,1899,19.69,0.38,12.42,0.78,0.34,0.73,9 Complaints
7,1900,19.97,0.53,12.44,0.52,0.65,0.97,67 Complaints
7,1901,23.97,0.65,21.37,0.63,0.85,0.76,10 Complaints
6,1902,23.87,0.5,13.71,0.69,0.35,0.94,92 Complaints
4,1903,28.34,0.58,19.58,0.8,0.83,0.97,70 Complaints
7,1904,26.69,0.65,22.26,0.7,0.71,0.7,7 Complaints
2,1905,30.3,0.53,24.77,0.65,0.51,0.84,98 Complaints
6,1906,24.57,0.57,13.88,0.61,0.22,0.99,77 Complaints
5,1907,32.96,0.51,23.97,0.73,0.33,0.81,28 Complaints
7,1908,30.83,0.56,23.61,0.53,0.22,0.76,33 Complaints
3,1909,32.58,0.59,25.55,0.71,0.32,0.9,99 Complaints
2,1910,27.41,0.5,23.11,0.62,0.47,0.71,65 Complaints
1,1911,29.64,0.58,20.21,0.67,0.84,0.93,33 Complaints
2,1912,28.64,0.6,22.5,0.78,0.35,0.84,19 Complaints
5,1913,31.81,0.56,23.82,0.63,0.39,0.96,84 Complaints
1,1914,36.44,0.62,27.38,0.8,0.63,0.76,33 Complaints
4,1915,21.75,0.64,12.67,0.73,0.59,0.85,24 Complaints
2,1916,5.91,0.54,9.08,0.78,0.37,0.7,3 Complaints
3,1917,3.3,0.6,7.95,0.71,0.63,0.89,94 Complaints
7,1918,15.83,0.58,10.63,0.54,0.48,0.91,43 Complaints
4,1919,35.18,0.54,26.21,0.64,0.58,0.81,60 Complaints
3,1920,26.42,0.52,22.37,0.6,0.5,0.92,11 Complaints
6,1921,21.38,0.59,13.5,0.51,0.76,0.72,15 Complaints
2,1922,21.22,0.64,12.85,0.57,0.73,0.88,5 Complaints
7,1923,30.89,0.61,13.61,0.61,0.58,0.74,88 Complaints
3,1924,31.71,0.54,24.61,0.71,0.21,0.78,35 Complaints
3,1925,34.7,0.52,24.5,0.8,0.7,0.95,60 Complaints
2,1926,31.64,0.6,23.59,0.65,0.49,0.82,53 Complaints
6,1927,23.55,0.59,21.55,0.53,0.32,0.89,23 Complaints
1,1928,23.82,0.57,13.93,0.57,0.78,0.97,8 Complaints
5,1929,26.5,0.59,14.7,0.7,0.62,0.66,16 Complaints
7,1930,28.14,0.52,21.63,0.75,0.25,0.91,82 Complaints
1,1931,27.26,0.64,23.19,0.55,0.54,0.77,0 Complaints
7,1932,29.53,0.58,20.03,0.61,0.58,0.88,73 Complaints
3,1933,4.5,0.61,8.19,0.71,0.85,0.65,40 Complaints
7,1934,24.63,0.59,13.62,0.54,0.46,0.65,73 Complaints
4,1935,26.52,0.53,23.52,0.58,0.74,0.7,26 Complaints
6,1936,4.36,0.61,8.26,0.8,0.43,0.77,78 Complaints
2,1937,9.33,0.5,9.74,0.72,0.61,0.65,40 Complaints
5,1938,29.75,0.51,22.36,0.55,0.39,0.83,77 Complaints
2,1939,24.22,0.61,14.08,0.54,0.36,0.72,91 Complaints
4,1940,25.37,0.59,21.75,0.78,0.69,0.98,76 Complaints
5,1941,33.94,0.52,21.9,0.57,0.21,0.8,27 Complaints
7,1942,24.11,0.55,12.81,0.68,0.44,0.88,60 Complaints
5,1943,26.62,0.59,22.79,0.58,0.89,0.86,63 Complaints
3,1944,29.66,0.53,24.07,0.55,0.66,0.79,22 Complaints
5,1945,20.66,0.51,12.24,0.6,0.71,0.77,68 Complaints
1,1946,28.83,0.55,22.97,0.58,0.2,0.86,74 Complaints
7,1947,26.68,0.62,22.13,0.7,0.54,0.84,97 Complaints
4,1948,24.05,0.55,21.6,0.62,0.76,0.94,93 Complaints
2,1949,25.7,0.6,14.86,0.72,0.39,0.98,2 Complaints
1,1950,32,0.53,24.76,0.56,0.68,0.7,41 Complaints
3,1951,36.77,0.58,27.4,0.7,0.49,0.95,59 Complaints
2,1952,28.91,0.6,13.7,0.7,0.64,0.74,83 Complaints
4,1953,30.2,0.5,20.52,0.53,0.57,0.94,81 Complaints
3,1954,31.29,0.62,21.26,0.54,0.43,0.79,22 Complaints
7,1955,20.57,0.54,20.22,0.71,0.27,0.72,90 Complaints
7,1956,31.9,0.61,21.62,0.54,0.47,0.75,70 Complaints
3,1957,35.88,0.56,27.68,0.59,0.49,0.83,19 Complaints
5,1958,24.28,0.63,13.4,0.5,0.9,0.72,42 Complaints
6,1959,26.43,0.64,22.7,0.71,0.9,0.96,21 Complaints
3,1960,31.82,0.63,14.17,0.66,0.6,0.68,15 Complaints
6,1961,4.18,0.63,8.16,0.79,0.88,0.78,15 Complaints
2,1962,23.46,0.57,22.42,0.56,0.36,0.73,15 Complaints
2,1963,33.11,0.64,21,0.79,0.71,0.99,22 Complaints
6,1964,31.91,0.54,21.01,0.75,0.51,0.98,79 Complaints
1,1965,20.2,0.61,11.57,0.71,0.7,0.68,24 Complaints
4,1966,37.61,0.57,27.92,0.6,0.24,0.87,97 Complaints
1,1967,39.98,0.56,27.88,0.53,0.42,0.68,36 Complaints
5,1968,23.6,0.58,12.78,0.52,0.67,0.83,26 Complaints
2,1969,29.92,0.61,14.39,0.6,0.38,0.99,80 Complaints
4,1970,31.43,0.58,20.64,0.52,0.9,0.99,49 Complaints
5,1971,31.95,0.56,21.2,0.77,0.29,0.85,81 Complaints
4,1972,35.66,0.6,26.07,0.66,0.79,0.88,79 Complaints
2,1973,24.07,0.57,21.32,0.54,0.47,0.95,92 Complaints
4,1974,3.11,0.53,8.62,0.77,0.75,0.83,0 Complaints
2,1975,39.04,0.5,27.65,0.72,0.87,0.99,54 Complaints
3,1976,25.68,0.5,14.53,0.72,0.54,0.83,87 Complaints
7,1977,29.68,0.64,24.15,0.56,0.42,0.8,96 Complaints
2,1978,17.91,0.61,11,0.74,0.43,0.74,39 Complaints
6,1979,29.73,0.56,13.75,0.68,0.55,0.78,15 Complaints
2,1980,29.25,0.55,19.83,0.67,0.74,0.82,49 Complaints
7,1981,21.71,0.57,20.23,0.6,0.81,0.66,41 Complaints
1,1982,32.09,0.65,21.68,0.51,0.29,0.66,81 Complaints
2,1983,28.47,0.58,23.7,0.54,0.87,0.65,29 Complaints
4,1984,28.15,0.5,22.61,0.56,0.78,0.66,34 Complaints
4,1985,24.82,0.63,21.57,0.79,0.59,0.97,37 Complaints
6,1986,4.9,0.53,8.69,0.76,0.58,0.7,7 Complaints
2,1987,6.45,0.58,9.52,0.56,0.7,0.9,40 Complaints
2,1988,37.89,0.59,27.73,0.64,0.55,0.8,13 Complaints
7,1989,23.79,0.63,14.32,0.65,0.56,0.77,8 Complaints
5,1990,3.83,0.59,8.81,0.76,0.84,0.66,64 Complaints
1,1991,30.26,0.6,20.7,0.64,0.3,0.84,91 Complaints
7,1992,37.56,0.6,28.48,0.61,0.39,0.8,32 Complaints
5,1993,31.13,0.64,14.42,0.73,0.73,0.68,51 Complaints
3,1994,27.77,0.56,24.14,0.58,0.82,0.92,42 Complaints
5,1995,17.5,0.58,11.02,0.67,0.62,0.98,76 Complaints
1,1996,30.01,0.61,23.59,0.78,0.73,0.66,48 Complaints
2,1997,31.21,0.54,24.99,0.68,0.23,0.75,57 Complaints
5,1998,36.18,0.58,26.91,0.63,0.68,0.95,21 Complaints
3,1999,25.24,0.62,22.27,0.76,0.86,0.74,91 Complaints
3,2000,32.72,0.55,24.53,0.71,0.39,0.66,15 Complaints
6,2001,4.75,0.64,8.49,0.55,0.64,0.95,21 Complaints
1,2002,8.6,0.51,10.23,0.7,0.71,0.78,52 Complaints
2,2003,29.22,0.51,20.02,0.53,0.61,0.96,70 Complaints
7,2004,28.31,0.54,22.45,0.54,0.9,0.72,27 Complaints
4,2005,30.01,0.57,14.47,0.66,0.72,0.84,70 Complaints
4,2006,24.84,0.61,22.06,0.62,0.84,0.85,48 Complaints
7,2007,0.53,0.57,7.22,0.7,0.23,0.86,62 Complaints
7,2008,30.55,0.59,23.81,0.65,0.87,0.95,71 Complaints
4,2009,22.55,0.62,13.37,0.62,0.23,0.96,14 Complaints
2,2010,24.32,0.65,21.8,0.75,0.47,0.67,99 Complaints
7,2011,28.97,0.52,22.87,0.52,0.63,0.72,0 Complaints
5,2012,22.82,0.57,13.54,0.69,0.43,0.98,47 Complaints
4,2013,27.95,0.56,22.63,0.63,0.73,0.96,37 Complaints
7,2014,31.81,0.63,23.51,0.77,0.36,0.66,52 Complaints
1,2015,19.04,0.53,12.56,0.64,0.64,0.83,38 Complaints
6,2016,28.68,0.51,21.97,0.74,0.59,0.86,22 Complaints
4,2017,31.26,0.58,20.68,0.8,0.24,0.88,83 Complaints
1,2018,25.27,0.62,22.92,0.57,0.5,0.69,21 Complaints
4,2019,23.44,0.63,21.53,0.68,0.78,0.66,100 Complaints
4,2020,19.61,0.5,12.93,0.66,0.37,0.94,98 Complaints
3,2021,22.49,0.64,20.79,0.68,0.88,0.77,21 Complaints
3,2022,29.69,0.6,24.76,0.77,0.38,0.9,44 Complaints
1,2023,30.6,0.62,21.02,0.71,0.25,0.8,74 Complaints
6,2024,2.46,0.52,7.79,0.5,0.4,1,52 Complaints
5,2025,22.52,0.55,20.81,0.5,0.44,0.99,52 Complaints
5,2026,36.92,0.57,27.55,0.73,0.8,0.77,76 Complaints
5,2027,25.48,0.58,13.91,0.59,0.31,0.69,71 Complaints
7,2028,30.18,0.51,24.11,0.56,0.27,0.91,90 Complaints
4,2029,23.87,0.51,21.29,0.52,0.81,0.89,91 Complaints
3,2030,33.94,0.63,25.76,0.58,0.22,1,50 Complaints
2,2031,21.53,0.64,20.41,0.71,0.72,0.84,34 Complaints
5,2032,4.33,0.64,8.45,0.74,0.75,0.99,7 Complaints
4,2033,28.87,0.59,22.18,0.73,0.42,1,74 Complaints
3,2034,28.95,0.51,22.45,0.58,0.33,0.67,78 Complaints
2,2035,21.01,0.52,12.38,0.64,0.53,0.83,81 Complaints
5,2036,10.02,0.63,10.01,0.55,0.47,0.69,62 Complaints
7,2037,32.94,0.64,22.44,0.55,0.49,0.94,37 Complaints
1,2038,27.03,0.56,22.35,0.79,0.39,0.83,71 Complaints
2,2039,37.63,0.59,27.6,0.66,0.65,0.81,70 Complaints
1,2040,37.68,0.57,27.87,0.78,0.53,0.8,55 Complaints
7,2041,36.33,0.56,27.2,0.74,0.7,0.95,28 Complaints
6,2042,31.3,0.63,15.38,0.62,0.55,0.77,39 Complaints
5,2043,31.56,0.52,24.6,0.69,0.23,0.82,57 Complaints
5,2044,40.18,0.53,28.61,0.57,0.58,0.93,64 Complaints
4,2045,31.12,0.59,21.83,0.73,0.31,0.85,78 Complaints
6,2046,29,0.52,20.82,0.59,0.2,0.67,21 Complaints
6,2047,36.09,0.65,26.77,0.67,0.58,0.65,95 Complaints
1,2048,30.31,0.57,24.14,0.56,0.59,0.78,34 Complaints
1,2049,24.3,0.63,13.61,0.69,0.36,1,48 Complaints
1,2050,25.85,0.58,22.93,0.61,0.52,0.88,6 Complaints
7,2051,24.58,0.63,21.96,0.64,0.41,0.92,2 Complaints
2,2052,22.93,0.52,21.4,0.63,0.88,0.72,17 Complaints
7,2053,16.65,0.58,11.12,0.76,0.36,0.7,7 Complaints
5,2054,25.99,0.62,23.37,0.69,0.56,1,51 Complaints
4,2055,31.8,0.63,25.24,0.64,0.55,0.67,56 Complaints
5,2056,25.01,0.6,22.12,0.64,0.5,0.84,78 Complaints
4,2057,19.04,0.51,12.04,0.52,0.66,0.94,46 Complaints
7,2058,23.57,0.63,21.73,0.61,0.85,0.77,7 Complaints
5,2059,22.24,0.64,13.04,0.53,0.67,0.82,41 Complaints
6,2060,34.8,0.54,25.62,0.72,0.86,0.83,15 Complaints
7,2061,30.44,0.5,23.03,0.65,0.59,0.91,35 Complaints
3,2062,21.51,0.57,12.32,0.73,0.73,0.85,1 Complaints
3,2063,30.83,0.57,13.99,0.79,0.85,0.74,59 Complaints
5,2064,20.52,0.65,12.42,0.7,0.83,0.73,0 Complaints
2,2065,30.9,0.64,14.15,0.53,0.62,0.73,59 Complaints
4,2066,28.95,0.56,19.79,0.66,0.3,0.73,95 Complaints
7,2067,30.15,0.64,20.56,0.5,0.67,0.75,39 Complaints
3,2068,26.72,0.53,14.56,0.73,0.6,0.7,92 Complaints
2,2069,14.55,0.51,10.6,0.56,0.86,0.85,21 Complaints
7,2070,26.59,0.58,22.82,0.69,0.9,0.9,41 Complaints
2,2071,19.48,0.61,12.16,0.65,0.64,0.68,6 Complaints
5,2072,6.26,0.53,9.08,0.67,0.41,0.85,88 Complaints
6,2073,28.1,0.62,16.16,0.65,0.43,0.88,45 Complaints
2,2074,38.34,0.53,27.45,0.71,0.73,0.89,47 Complaints
2,2075,15.71,0.62,9.92,0.62,0.25,0.75,77 Complaints
3,2076,27.72,0.56,12.43,0.7,0.85,0.88,33 Complaints
5,2077,32.37,0.62,25.16,0.74,0.26,0.9,81 Complaints
3,2078,31.71,0.56,24.91,0.62,0.67,0.77,90 Complaints
3,2079,32.29,0.64,24.33,0.77,0.74,0.75,62 Complaints
5,2080,31.56,0.62,23.77,0.73,0.78,0.99,73 Complaints
3,2081,28.96,0.63,19.65,0.54,0.31,0.92,55 Complaints
1,2082,31.6,0.63,24.07,0.74,0.47,0.69,73 Complaints
7,2083,36.12,0.62,26.85,0.51,0.34,0.76,95 Complaints
6,2084,31.62,0.55,25.05,0.6,0.75,0.68,51 Complaints
4,2085,29.41,0.65,14.11,0.68,0.47,0.78,87 Complaints
1,2086,19.43,0.53,13.01,0.69,0.46,0.91,100 Complaints
4,2087,31,0.54,20.76,0.63,0.73,0.97,61 Complaints
3,2088,31.66,0.51,23.81,0.59,0.27,0.69,14 Complaints
4,2089,27.02,0.56,12.55,0.59,0.65,0.9,83 Complaints
4,2090,23.67,0.52,21.7,0.67,0.57,0.91,100 Complaints
5,2091,3.2,0.54,8.52,0.66,0.82,0.83,99 Complaints
7,2092,37.71,0.51,28.57,0.53,0.23,0.94,1 Complaints
3,2093,21.79,0.54,20.82,0.71,0.6,0.93,37 Complaints
6,2094,18.6,0.5,11.68,0.57,0.83,0.91,80 Complaints
1,2095,22.86,0.53,13.17,0.51,0.32,0.72,67 Complaints
3,2096,24.48,0.62,20.81,0.72,0.35,0.76,12 Complaints
3,2097,31.4,0.65,24.55,0.55,0.51,0.83,71 Complaints
2,2098,6.98,0.53,9.66,0.72,0.31,0.68,32 Complaints
3,2099,24.81,0.61,21.43,0.61,0.88,0.76,16 Complaints
6,2100,18.31,0.57,11.85,0.53,0.89,0.65,43 Complaints
3,2101,22.05,0.58,20.76,0.67,0.34,0.86,91 Complaints
1,2102,34.98,0.63,25.51,0.68,0.87,0.78,29 Complaints
7,2103,17.68,0.5,10.95,0.7,0.53,0.7,26 Complaints
3,2104,29.49,0.51,23.99,0.62,0.45,0.93,77 Complaints
7,2105,31.33,0.57,23.71,0.65,0.61,0.8,20 Complaints
1,2106,25.29,0.51,22.65,0.58,0.45,0.79,94 Complaints
3,2107,23.59,0.63,13.25,0.79,0.58,0.74,38 Complaints
3,2108,7.29,0.58,9.88,0.67,0.72,0.73,63 Complaints
5,2109,27.65,0.55,19.78,0.5,0.76,0.77,46 Complaints
3,2110,21.02,0.63,12.1,0.72,0.39,0.75,25 Complaints
3,2111,33.21,0.55,25.17,0.71,0.71,0.73,95 Complaints
3,2112,28,0.52,13.18,0.77,0.26,0.81,55 Complaints
3,2113,7.64,0.65,10.5,0.6,0.34,0.8,27 Complaints
4,2114,26.85,0.59,22.83,0.75,0.52,0.78,66 Complaints
1,2115,28.29,0.64,23.11,0.8,0.33,0.79,65 Complaints
2,2116,26.03,0.54,12.74,0.76,0.26,0.94,9 Complaints
3,2117,24.63,0.62,13.97,0.56,0.4,0.85,98 Complaints
7,2118,29.51,0.63,23.04,0.6,0.76,0.77,25 Complaints
1,2119,23.69,0.57,21.67,0.65,0.52,0.84,69 Complaints
3,2120,29.67,0.65,23.89,0.61,0.68,0.92,93 Complaints
1,2121,24.43,0.55,21.78,0.64,0.75,0.97,0 Complaints
7,2122,22.58,0.56,13.07,0.71,0.44,0.8,76 Complaints
3,2123,36.68,0.51,27.31,0.66,0.49,0.67,64 Complaints
3,2124,28.17,0.55,14.05,0.74,0.72,0.7,25 Complaints
7,2125,29.83,0.53,13.82,0.68,0.4,0.91,86 Complaints
5,2126,38.83,0.55,28.54,0.72,0.76,0.79,96 Complaints
4,2127,3.69,0.53,8.66,0.62,0.33,0.83,11 Complaints
7,2128,24.52,0.6,22.46,0.66,0.82,0.74,93 Complaints
2,2129,40.72,0.56,28.39,0.66,0.48,0.83,73 Complaints
4,2130,21,0.57,12.72,0.68,0.55,0.98,74 Complaints
5,2131,6.99,0.56,9.47,0.52,0.61,0.86,76 Complaints
2,2132,33.09,0.54,25.78,0.55,0.7,0.75,37 Complaints
4,2133,29.37,0.56,20.51,0.53,0.85,0.69,83 Complaints
3,2134,19.14,0.62,11.91,0.74,0.81,0.86,6 Complaints
6,2135,18.1,0.65,11.07,0.75,0.86,0.87,98 Complaints
6,2136,33.39,0.55,15.51,0.8,0.68,1,70 Complaints
2,2137,32.09,0.57,24.71,0.54,0.28,0.65,2 Complaints
7,2138,21.45,0.64,12.69,0.62,0.52,0.85,44 Complaints
6,2139,27.11,0.53,23.27,0.63,0.25,0.72,55 Complaints
2,2140,6.28,0.62,9.7,0.53,0.72,0.86,63 Complaints
2,2141,22.49,0.64,21.41,0.7,0.37,0.73,87 Complaints
2,2142,31.68,0.58,24.19,0.72,0.2,0.88,78 Complaints
6,2143,34.98,0.6,26.88,0.56,0.56,0.76,28 Complaints
4,2144,25.12,0.56,13.61,0.57,0.6,0.91,80 Complaints
5,2145,23.04,0.51,20.65,0.64,0.48,0.71,82 Complaints
6,2146,30.3,0.5,22.46,0.79,0.44,0.78,93 Complaints
5,2147,31.3,0.63,20.83,0.71,0.56,0.84,93 Complaints
7,2148,7.55,0.62,10.47,0.75,0.25,0.89,98 Complaints
5,2149,23.57,0.61,12.66,0.68,0.85,0.67,70 Complaints
7,2150,39.81,0.64,28.62,0.69,0.86,0.97,87 Complaints
1,2151,21.03,0.5,13.48,0.63,0.72,0.8,33 Complaints
4,2152,25.53,0.61,21.44,0.62,0.34,0.95,54 Complaints
1,2153,31.36,0.55,14.5,0.74,0.9,0.9,15 Complaints
7,2154,36.25,0.56,27.85,0.59,0.45,0.98,66 Complaints
1,2155,32.61,0.5,24.04,0.62,0.59,0.78,60 Complaints
4,2156,17.1,0.51,10.52,0.71,0.77,0.78,68 Complaints
2,2157,28.85,0.56,13.63,0.54,0.38,0.93,98 Complaints
5,2158,22.81,0.59,20.56,0.65,0.39,0.87,32 Complaints
7,2159,27.02,0.52,22.35,0.51,0.77,0.84,6 Complaints
2,2160,31.55,0.6,21.63,0.52,0.31,0.76,84 Complaints
3,2161,32.49,0.56,14.79,0.69,0.78,0.96,87 Complaints
6,2162,35.42,0.54,26.74,0.77,0.5,0.91,8 Complaints
7,2163,5.78,0.61,9.59,0.61,0.5,0.66,50 Complaints
4,2164,21.08,0.65,13.39,0.54,0.24,0.79,94 Complaints
5,2165,31.38,0.5,14.91,0.64,0.35,0.68,12 Complaints
6,2166,25.8,0.63,14.37,0.64,0.23,0.81,36 Complaints
4,2167,33.03,0.52,15.08,0.8,0.72,0.83,83 Complaints
3,2168,24.58,0.52,22.48,0.79,0.72,0.67,60 Complaints
5,2169,29.56,0.65,20.36,0.64,0.87,0.83,20 Complaints
7,2170,38.55,0.62,27.86,0.69,0.41,0.99,48 Complaints
5,2171,24.22,0.59,13.12,0.69,0.81,0.77,25 Complaints
5,2172,24.03,0.62,13.61,0.68,0.39,0.89,53 Complaints
6,2173,25.38,0.51,22.41,0.78,0.56,0.84,86 Complaints
5,2174,29.36,0.56,24.98,0.59,0.85,0.82,11 Complaints
6,2175,27.91,0.51,20.06,0.54,0.29,0.75,8 Complaints
3,2176,30.08,0.64,22.7,0.5,0.7,0.65,20 Complaints
6,2177,27.94,0.52,22.56,0.5,0.28,0.72,35 Complaints
6,2178,30.69,0.52,20.33,0.79,0.46,0.65,15 Complaints
7,2179,24.32,0.53,22.07,0.74,0.67,0.92,34 Complaints
7,2180,23.76,0.54,20.8,0.53,0.26,0.66,14 Complaints
7,2181,8.68,0.59,9.93,0.52,0.32,0.91,91 Complaints
6,2182,6.22,0.64,9.25,0.53,0.87,0.94,81 Complaints
6,2183,36.4,0.63,27.44,0.52,0.2,0.77,6 Complaints
3,2184,19.45,0.59,11.58,0.57,0.86,0.92,47 Complaints
7,2185,21.19,0.64,20.39,0.74,0.81,0.71,50 Complaints
6,2186,19.38,0.53,12.24,0.66,0.49,0.67,43 Complaints
1,2187,37.22,0.54,27.96,0.57,0.68,0.69,93 Complaints
6,2188,8.8,0.63,10.36,0.55,0.24,0.91,77 Complaints
2,2189,32.79,0.56,25.6,0.57,0.27,0.72,40 Complaints
3,2190,29.19,0.62,21.36,0.58,0.21,0.66,38 Complaints
5,2191,30.45,0.62,21.19,0.69,0.87,0.77,36 Complaints
5,2192,31.84,0.55,23.74,0.73,0.49,0.84,70 Complaints
4,2193,22.74,0.55,21.1,0.64,0.27,0.86,13 Complaints
7,2194,18.29,0.59,11.22,0.51,0.44,0.81,90 Complaints
2,2195,30.54,0.53,23.33,0.8,0.86,0.86,78 Complaints
3,2196,7.64,0.54,10.42,0.73,0.2,0.8,31 Complaints
3,2197,6.44,0.56,9.03,0.59,0.77,0.92,75 Complaints
2,2198,18.47,0.51,11.56,0.79,0.62,0.69,45 Complaints
7,2199,30.86,0.52,24.83,0.6,0.72,0.98,35 Complaints
7,2200,16.45,0.74,10.43,0.73,0.31,0.81,98 Complaints
3,2201,7.11,0.77,10.01,0.56,0.38,0.75,6 Complaints
1,2202,5.28,0.69,9.46,0.77,0.25,0.67,83 Complaints
6,2203,27.74,0.74,13.66,0.56,0.54,0.71,13 Complaints
7,2204,29.51,0.67,20.63,0.75,0.28,0.78,78 Complaints
7,2205,31.79,0.67,20.91,0.61,0.87,0.91,4 Complaints
7,2206,30.65,0.72,23.47,0.76,0.78,0.88,29 Complaints
5,2207,29.78,0.79,24.13,0.74,0.9,0.95,92 Complaints
4,2208,30.68,0.8,14.53,0.66,0.53,0.78,78 Complaints
7,2209,29.26,0.74,25.13,0.63,0.81,0.78,91 Complaints
2,2210,17.58,0.79,11.14,0.55,0.53,0.7,85 Complaints
5,2211,20.42,0.8,12.33,0.59,0.42,0.87,51 Complaints
2,2212,28.61,0.68,20.02,0.64,0.29,0.75,11 Complaints
4,2213,23.64,0.7,13.61,0.56,0.34,1,60 Complaints
7,2214,3.87,0.7,8.02,0.68,0.83,0.89,95 Complaints
2,2215,31.89,0.66,14.65,0.59,0.9,0.98,46 Complaints
1,2216,21.51,0.74,12.29,0.51,0.61,0.76,17 Complaints
3,2217,22.75,0.75,20.56,0.8,0.65,0.67,64 Complaints
4,2218,31.15,0.77,21.22,0.69,0.46,0.93,91 Complaints
6,2219,28.66,0.74,23.59,0.78,0.85,0.72,64 Complaints
1,2220,34.79,0.71,16.24,0.65,0.65,0.86,36 Complaints
2,2221,38.16,0.65,27.68,0.63,0.79,0.77,40 Complaints
2,2222,38.98,0.65,27.69,0.68,0.7,0.79,17 Complaints
6,2223,26.19,0.7,12.62,0.61,0.25,0.96,39 Complaints
2,2224,5.01,0.78,9.39,0.65,0.79,0.97,25 Complaints
6,2225,33.53,0.78,22.62,0.52,0.69,0.83,40 Complaints
4,2226,24.24,0.65,14.44,0.66,0.88,0.68,20 Complaints
7,2227,18.17,0.65,11.55,0.51,0.89,0.75,18 Complaints
4,2228,35.83,0.78,16.03,0.71,0.53,0.91,29 Complaints
6,2229,36.59,0.73,26.68,0.7,0.63,0.88,18 Complaints
6,2230,25.85,0.75,22.95,0.65,0.72,0.71,85 Complaints
2,2231,15.85,0.78,10.02,0.78,0.24,0.74,21 Complaints
5,2232,5.54,0.75,8.86,0.78,0.61,0.93,46 Complaints
2,2233,29.32,0.78,23.63,0.72,0.76,0.76,59 Complaints
4,2234,25.48,0.8,21.76,0.51,0.25,0.65,85 Complaints
3,2235,20.79,0.76,13.09,0.69,0.7,0.86,45 Complaints
4,2236,24.67,0.78,21.19,0.63,0.45,0.87,42 Complaints
2,2237,31.49,0.8,14.3,0.8,0.89,0.89,1 Complaints
2,2238,21.62,0.72,13.31,0.56,0.37,0.98,38 Complaints
2,2239,20.97,0.71,12.95,0.72,0.89,0.89,31 Complaints
1,2240,21.92,0.68,12.09,0.7,0.71,0.94,37 Complaints
6,2241,28.54,0.78,21.86,0.56,0.89,0.76,2 Complaints
3,2242,37.2,0.66,27.11,0.6,0.44,0.72,97 Complaints
7,2243,30.86,0.72,13.65,0.72,0.68,0.69,33 Complaints
4,2244,30.2,0.75,24.82,0.55,0.38,0.71,77 Complaints
4,2245,23.75,0.74,21.81,0.71,0.38,0.68,1 Complaints
3,2246,29.73,0.66,23.63,0.8,0.67,0.9,93 Complaints
4,2247,24.21,0.65,21.72,0.7,0.73,0.88,33 Complaints
3,2248,27.57,0.78,19.68,0.56,0.6,0.96,17 Complaints
3,2249,28.77,0.73,22.55,0.66,0.26,0.89,87 Complaints
4,2250,29,0.7,19.69,0.6,0.45,0.78,59 Complaints
5,2251,24.53,0.77,21.9,0.73,0.46,0.97,23 Complaints
1,2252,24.88,0.69,21.37,0.68,0.85,0.75,55 Complaints
2,2253,27.1,0.67,22.66,0.71,0.74,0.82,30 Complaints
6,2254,8.86,0.66,10.49,0.71,0.49,0.95,69 Complaints
7,2255,36.54,0.78,26.96,0.61,0.59,0.76,26 Complaints
2,2256,25.8,0.72,21.67,0.57,0.84,0.88,81 Complaints
6,2257,30.53,0.67,24.55,0.61,0.32,0.77,38 Complaints
3,2258,27.77,0.66,19.06,0.61,0.61,0.65,21 Complaints
4,2259,31.03,0.73,24.32,0.56,0.22,0.71,12 Complaints
7,2260,27.41,0.69,22.41,0.72,0.87,0.74,82 Complaints
1,2261,28.84,0.78,19.77,0.74,0.5,0.71,74 Complaints
4,2262,11.44,0.72,9.12,0.77,0.77,0.81,38 Complaints
6,2263,32.47,0.71,25.14,0.68,0.75,0.98,36 Complaints
1,2264,23.16,0.75,13.15,0.56,0.41,0.68,54 Complaints
2,2265,26.25,0.7,22.53,0.68,0.77,0.95,18 Complaints
3,2266,22.92,0.73,12.63,0.64,0.59,0.67,3 Complaints
4,2267,26.41,0.69,23.11,0.59,0.57,0.81,22 Complaints
1,2268,24.77,0.79,13.63,0.55,0.58,0.85,32 Complaints
2,2269,18.07,0.66,11.41,0.57,0.45,0.85,94 Complaints
7,2270,7.65,0.74,10.22,0.59,0.54,0.93,62 Complaints
6,2271,22.07,0.68,13.17,0.56,0.29,0.91,72 Complaints
3,2272,8.92,0.7,10.53,0.55,0.72,0.94,2 Complaints
5,2273,30,0.73,13.96,0.72,0.82,0.81,96 Complaints
3,2274,29.45,0.65,23.68,0.68,0.32,1,75 Complaints
7,2275,30.82,0.78,24.77,0.67,0.54,0.95,18 Complaints
2,2276,37.66,0.69,27.14,0.78,0.32,0.78,21 Complaints
1,2277,34.62,0.76,27.21,0.66,0.6,0.76,3 Complaints
1,2278,31.91,0.77,24.64,0.5,0.29,0.67,7 Complaints
2,2279,30.25,0.72,20.82,0.8,0.48,1,40 Complaints
5,2280,25.36,0.7,14.82,0.7,0.62,0.85,15 Complaints
7,2281,27.09,0.67,22.62,0.6,0.43,0.92,68 Complaints
6,2282,22.01,0.79,12.75,0.64,0.48,0.76,94 Complaints
4,2283,8.77,0.8,10.9,0.51,0.29,0.71,54 Complaints
7,2284,30.09,0.74,21.23,0.64,0.24,0.94,76 Complaints
2,2285,28.47,0.69,22.19,0.51,0.36,0.79,29 Complaints
5,2286,23.47,0.66,13.37,0.77,0.51,0.69,94 Complaints
6,2287,39.25,0.75,28.85,0.63,0.56,0.79,59 Complaints
3,2288,28.89,0.77,13.41,0.58,0.54,0.76,62 Complaints
5,2289,2.83,0.71,8.39,0.73,0.42,0.99,81 Complaints
2,2290,30.57,0.66,20.96,0.76,0.7,0.8,5 Complaints
1,2291,21.23,0.74,12.2,0.7,0.23,0.67,90 Complaints
3,2292,25.32,0.76,18.6,0.56,0.89,0.91,58 Complaints
4,2293,22.26,0.72,11.84,0.58,0.69,0.74,14 Complaints
4,2294,28.39,0.75,13.76,0.7,0.6,0.75,32 Complaints
2,2295,8.7,0.8,9.19,0.7,0.44,0.79,36 Complaints
5,2296,30.99,0.73,20.62,0.6,0.78,0.77,88 Complaints
5,2297,5.39,0.71,8.51,0.65,0.58,0.92,55 Complaints
5,2298,26.22,0.79,22.76,0.51,0.61,0.77,54 Complaints
6,2299,39.08,0.71,27.47,0.57,0.86,0.69,66 Complaints
3,2300,32.02,0.75,23.84,0.79,0.57,0.71,47 Complaints
7,2301,23.9,0.77,12.93,0.56,0.83,0.84,74 Complaints
2,2302,31.15,0.8,24.38,0.69,0.49,0.71,31 Complaints
5,2303,8.07,0.8,10.05,0.57,0.8,0.86,13 Complaints
2,2304,31.37,0.65,14.8,0.63,0.82,0.88,8 Complaints
3,2305,21.98,0.76,12.61,0.62,0.45,0.84,67 Complaints
3,2306,32.3,0.74,21.6,0.72,0.42,0.69,90 Complaints
2,2307,28.5,0.74,22.78,0.59,0.7,0.76,45 Complaints
6,2308,29.84,0.69,24.05,0.63,0.29,0.92,69 Complaints
6,2309,33.32,0.8,21.75,0.57,0.38,0.9,99 Complaints
7,2310,8.54,0.75,10.48,0.76,0.82,0.96,96 Complaints
4,2311,26.78,0.78,21.67,0.54,0.82,0.7,10 Complaints
4,2312,15.37,0.8,10.89,0.54,0.53,1,81 Complaints
1,2313,31.65,0.74,14.28,0.75,0.24,0.95,34 Complaints
7,2314,36.97,0.76,26.96,0.61,0.76,0.67,86 Complaints
7,2315,30.11,0.74,24.71,0.74,0.35,0.87,53 Complaints
6,2316,31.02,0.73,20.69,0.53,0.84,0.88,19 Complaints
5,2317,37.68,0.66,27.25,0.75,0.26,0.79,99 Complaints
5,2318,17.35,0.75,11.52,0.59,0.32,0.92,36 Complaints
3,2319,28.88,0.74,20.49,0.74,0.2,0.85,19 Complaints
1,2320,35.45,0.79,26.09,0.76,0.62,0.98,34 Complaints
1,2321,38.2,0.73,27.39,0.56,0.63,0.99,40 Complaints
2,2322,17.49,0.67,10.77,0.58,0.54,0.69,95 Complaints
4,2323,19.96,0.66,11.89,0.6,0.28,0.82,58 Complaints
2,2324,25.11,0.66,13.76,0.72,0.24,0.93,84 Complaints
2,2325,19.39,0.7,11.61,0.8,0.74,0.93,69 Complaints
2,2326,37.54,0.7,28.03,0.51,0.41,0.81,15 Complaints
4,2327,35.44,0.69,26.96,0.76,0.35,0.99,50 Complaints
7,2328,23.27,0.75,13.16,0.69,0.66,0.72,36 Complaints
6,2329,26.51,0.72,21.73,0.63,0.86,0.71,18 Complaints
5,2330,33.14,0.76,20.73,0.8,0.56,0.77,36 Complaints
4,2331,27.89,0.78,23.33,0.67,0.2,0.67,56 Complaints
3,2332,29.68,0.78,13.36,0.51,0.83,0.98,8 Complaints
6,2333,28.24,0.72,13.45,0.57,0.55,0.66,16 Complaints
4,2334,22.48,0.78,13.54,0.77,0.84,0.9,22 Complaints
5,2335,35.67,0.67,23.36,0.8,0.4,0.94,59 Complaints
5,2336,5.07,0.77,9.8,0.71,0.49,0.72,69 Complaints
7,2337,32.19,0.8,21.35,0.73,0.73,0.77,77 Complaints
4,2338,34.13,0.68,21.91,0.7,0.82,0.94,30 Complaints
2,2339,5.32,0.72,8.28,0.68,0.73,0.86,68 Complaints
2,2340,37.53,0.78,27.46,0.63,0.3,0.74,73 Complaints
1,2341,23.03,0.71,13.28,0.59,0.7,0.85,60 Complaints
1,2342,34.74,0.76,25.26,0.59,0.62,0.87,41 Complaints
7,2343,30.32,0.76,13.83,0.55,0.75,0.96,50 Complaints
5,2344,7.78,0.8,10.58,0.66,0.69,0.91,14 Complaints
7,2345,35.86,0.65,26.62,0.57,0.75,0.92,100 Complaints
1,2346,33.89,0.67,25.38,0.7,0.84,0.74,50 Complaints
7,2347,5.61,0.7,9.21,0.51,0.22,0.98,87 Complaints
3,2348,35.6,0.7,23.84,0.6,0.39,0.74,7 Complaints
5,2349,16.59,0.8,10.32,0.75,0.61,0.71,46 Complaints
2,2350,31.75,0.73,21.47,0.5,0.27,0.87,26 Complaints
2,2351,31.53,0.69,25.43,0.51,0.32,0.88,15 Complaints
6,2352,23.79,0.68,14.26,0.52,0.22,1,42 Complaints
1,2353,38.64,0.67,28.12,0.8,0.71,0.85,35 Complaints
3,2354,22.7,0.73,21.6,0.75,0.28,0.67,24 Complaints
6,2355,36.3,0.68,27.87,0.69,0.39,0.86,28 Complaints
5,2356,28.59,0.72,20.71,0.58,0.78,0.8,87 Complaints
6,2357,26.72,0.72,12.33,0.51,0.5,0.83,19 Complaints
5,2358,23.46,0.76,13.07,0.73,0.45,0.98,75 Complaints
5,2359,20.13,0.75,11.95,0.66,0.44,0.8,35 Complaints
4,2360,24.03,0.75,21.13,0.6,0.44,0.66,17 Complaints
1,2361,25.4,0.69,22.29,0.66,0.25,0.83,41 Complaints
2,2362,5.16,0.77,8.73,0.57,0.88,0.7,55 Complaints
3,2363,29.4,0.69,23.97,0.75,0.41,0.8,78 Complaints
3,2364,5.05,0.78,8.91,0.56,0.54,0.88,22 Complaints
4,2365,31.28,0.7,15.08,0.77,0.9,0.65,58 Complaints
2,2366,38.42,0.8,28.74,0.62,0.23,0.77,52 Complaints
2,2367,25.26,0.74,22.2,0.76,0.88,0.78,15 Complaints
2,2368,27.87,0.76,13.71,0.65,0.59,0.8,83 Complaints
6,2369,32.99,0.76,26.29,0.5,0.44,0.86,17 Complaints
4,2370,28.02,0.69,13.34,0.54,0.73,0.88,78 Complaints
1,2371,9.49,0.74,11.34,0.57,0.46,0.65,3 Complaints
3,2372,25.41,0.67,22.54,0.6,0.23,0.7,38 Complaints
2,2373,5.11,0.77,8.52,0.62,0.55,0.66,95 Complaints
4,2374,35.54,0.68,26.69,0.58,0.74,0.81,27 Complaints
6,2375,26.24,0.7,22.15,0.68,0.3,0.91,88 Complaints
5,2376,35.15,0.66,27.11,0.6,0.76,0.65,78 Complaints
4,2377,31.03,0.71,24.47,0.73,0.48,0.69,36 Complaints
4,2378,29.25,0.68,23.16,0.62,0.84,0.87,79 Complaints
2,2379,38.29,0.74,28.03,0.59,0.33,0.78,25 Complaints
6,2380,20.44,0.71,12.37,0.7,0.41,0.94,53 Complaints
4,2381,22.88,0.74,19.99,0.74,0.66,0.75,41 Complaints
3,2382,26.08,0.71,22.73,0.59,0.44,0.94,56 Complaints
3,2383,41.32,0.65,29.48,0.64,0.38,0.7,96 Complaints
1,2384,37.83,0.65,26.77,0.5,0.84,0.89,58 Complaints
1,2385,20.05,0.73,12.29,0.56,0.39,1,70 Complaints
4,2386,40.17,0.66,29.8,0.65,0.26,0.77,32 Complaints
4,2387,31.37,0.73,20.73,0.57,0.31,0.66,95 Complaints
4,2388,7.18,0.79,10.01,0.67,0.8,0.65,88 Complaints
6,2389,31.57,0.67,21.78,0.8,0.66,0.79,90 Complaints
4,2390,30.72,0.77,13.68,0.74,0.47,1,75 Complaints
3,2391,28.48,0.78,13.4,0.76,0.53,0.82,60 Complaints
3,2392,24.27,0.69,23.01,0.67,0.79,0.69,37 Complaints
4,2393,16.39,0.65,10.7,0.65,0.51,0.8,51 Complaints
7,2394,31.76,0.74,21.27,0.8,0.53,0.72,7 Complaints
5,2395,23.37,0.65,13.22,0.77,0.69,0.97,48 Complaints
2,2396,25.03,0.73,22.65,0.73,0.34,0.97,67 Complaints
7,2397,32.19,0.75,21.96,0.58,0.47,0.8,25 Complaints
1,2398,28.52,0.76,13.58,0.57,0.77,0.77,87 Complaints
1,2399,6.8,0.79,10.01,0.68,0.78,0.74,99 Complaints
7,2400,25.89,0.67,22.42,0.63,0.79,0.78,17 Complaints
5,2401,23.48,0.78,22.18,0.35,0.89,0.77,88 Complaints
4,2402,30.24,0.75,23.69,0.11,0.31,0.98,97 Complaints
5,2403,5.16,0.75,8.46,0.1,0.34,0.97,47 Complaints
2,2404,17.83,0.77,11.09,0.19,0.75,0.7,71 Complaints
2,2405,23.78,0.74,21.37,0.47,0.8,0.82,0 Complaints
4,2406,33.37,0.78,24.36,0.36,0.57,0.67,26 Complaints
1,2407,0,0.71,7.18,0.55,0.6,0.87,8 Complaints
3,2408,29.64,0.7,20.64,0.4,0.38,0.85,32 Complaints
1,2409,31.62,0.65,14.95,0.17,0.57,0.8,56 Complaints
1,2410,27.64,0.7,23.28,0.15,0.56,0.82,32 Complaints
7,2411,22.79,0.71,21.94,0.15,0.49,0.8,94 Complaints
3,2412,24.08,0.69,22.32,0.51,0.64,0.96,10 Complaints
5,2413,31.18,0.69,23.61,0.25,0.5,0.93,64 Complaints
5,2414,33.65,0.65,22.03,0.56,0.33,0.8,6 Complaints
5,2415,30.02,0.77,24.19,0.44,0.73,0.76,80 Complaints
1,2416,17.21,0.7,12.3,0.59,0.5,0.76,55 Complaints
3,2417,22.81,0.77,20.69,0.54,0.22,0.99,11 Complaints
6,2418,25.59,0.74,23.15,0.54,0.38,0.86,76 Complaints
6,2419,23.21,0.8,13.56,0.37,0.51,0.74,51 Complaints
4,2420,9.55,0.77,10.71,0.23,0.78,0.81,26 Complaints
2,2421,32.67,0.67,15.16,0.47,0.26,0.87,4 Complaints
5,2422,27.73,0.73,22.66,0.15,0.4,0.9,12 Complaints
2,2423,25.4,0.71,22.32,0.13,0.8,0.66,63 Complaints
1,2424,35.45,0.66,25.58,0.59,0.65,0.83,78 Complaints
1,2425,8.99,0.73,10.81,0.54,0.45,0.76,53 Complaints
4,2426,35.61,0.75,25.48,0.2,0.81,0.98,78 Complaints
6,2427,16.52,0.77,10.89,0.46,0.54,0.85,44 Complaints
6,2428,30.09,0.76,14.01,0.5,0.22,0.76,66 Complaints
1,2429,28.33,0.7,22.81,0.4,0.51,0.7,100 Complaints
3,2430,20.04,0.73,18.92,0.65,0.3,0.95,92 Complaints
3,2431,26.52,0.76,23.17,0.19,0.58,0.68,63 Complaints
3,2432,31.53,0.65,21.01,0.6,0.4,0.87,70 Complaints
1,2433,26.72,0.69,22.85,0.14,0.64,0.88,48 Complaints
7,2434,24.95,0.75,13.65,0.38,0.48,0.78,71 Complaints
6,2435,36.73,0.72,27.1,0.48,0.44,0.85,96 Complaints
6,2436,30.31,0.74,24.39,0.31,0.83,0.69,69 Complaints
4,2437,29.16,0.67,13.9,0.65,0.88,0.89,61 Complaints
3,2438,35.22,0.68,26.29,0.42,0.51,0.73,34 Complaints
1,2439,31.83,0.68,14.31,0.32,0.77,0.72,90 Complaints
4,2440,31.52,0.7,25.05,0.29,0.59,0.68,43 Complaints
5,2441,23.3,0.65,21.44,0.37,0.46,0.76,59 Complaints
4,2442,5.34,0.8,8.87,0.35,0.39,0.91,16 Complaints
7,2443,16.8,0.73,10.08,0.37,0.28,0.96,51 Complaints
6,2444,20.42,0.72,12.2,0.32,0.49,0.66,49 Complaints
2,2445,31.17,0.73,25.42,0.56,0.27,0.8,78 Complaints
1,2446,15.92,0.66,11.05,0.19,0.85,0.88,35 Complaints
3,2447,17.67,0.79,11.14,0.15,0.84,0.81,32 Complaints
2,2448,31.36,0.77,14.27,0.57,0.63,0.99,29 Complaints
7,2449,30.56,0.8,14.1,0.11,0.23,0.8,78 Complaints
1,2450,2.72,0.75,6.98,0.4,0.88,0.7,54 Complaints
6,2451,10.3,0.74,10.95,0.42,0.33,0.91,72 Complaints
7,2452,5.54,0.73,9.23,0.48,0.38,0.71,59 Complaints
4,2453,31.23,0.65,14.39,0.14,0.64,0.98,100 Complaints
6,2454,21.01,0.8,12.38,0.31,0.48,0.91,88 Complaints
5,2455,19.86,0.68,12,0.63,0.66,1,70 Complaints
3,2456,26.24,0.8,22.3,0.63,0.23,0.98,69 Complaints
1,2457,7.96,0.69,9.73,0.41,0.51,0.65,5 Complaints
4,2458,8.62,0.77,10.43,0.65,0.36,0.86,74 Complaints
4,2459,7.21,0.75,9.53,0.12,0.37,0.8,6 Complaints
1,2460,22.72,0.69,20.19,0.13,0.34,0.7,61 Complaints
7,2461,34.99,0.66,26.57,0.2,0.46,0.8,14 Complaints
1,2462,31.3,0.69,14.89,0.4,0.37,0.9,20 Complaints
7,2463,32.83,0.78,14.86,0.34,0.74,0.88,82 Complaints
6,2464,39.35,0.74,26.89,0.18,0.39,0.96,38 Complaints
1,2465,6.49,0.79,8.61,0.35,0.62,0.77,13 Complaints
6,2466,17.93,0.68,11.17,0.45,0.7,0.9,39 Complaints
3,2467,27.81,0.75,23.77,0.18,0.3,0.93,38 Complaints
4,2468,8.05,0.76,10.08,0.43,0.89,0.84,45 Complaints
4,2469,29.68,0.71,23.97,0.16,0.34,0.96,94 Complaints
5,2470,32.64,0.68,25.55,0.35,0.64,0.81,5 Complaints
2,2471,5.13,0.78,9.1,0.2,0.59,0.92,88 Complaints
3,2472,28.7,0.65,20.26,0.19,0.47,0.99,19 Complaints
6,2473,21.07,0.68,12.5,0.5,0.82,0.8,59 Complaints
6,2474,21.07,0.66,11.82,0.29,0.82,0.91,65 Complaints
2,2475,28.46,0.78,24.65,0.6,0.86,0.83,25 Complaints
6,2476,26.58,0.73,21.89,0.17,0.38,0.81,66 Complaints
6,2477,31.22,0.66,24.75,0.53,0.76,0.92,91 Complaints
4,2478,28.52,0.73,22.61,0.5,0.74,0.95,51 Complaints
3,2479,30.09,0.72,20.57,0.4,0.38,0.65,71 Complaints
7,2480,22.15,0.7,20.79,0.44,0.82,0.65,93 Complaints
4,2481,33.83,0.74,25.91,0.48,0.74,0.72,92 Complaints
5,2482,21.21,0.74,12.32,0.33,0.42,0.89,9 Complaints
3,2483,33.63,0.76,25.83,0.18,0.56,0.76,72 Complaints
5,2484,29.83,0.65,20.27,0.23,0.62,0.95,0 Complaints
1,2485,23.12,0.74,21.53,0.22,0.44,0.84,84 Complaints
7,2486,29.18,0.76,20.33,0.13,0.76,0.95,35 Complaints
1,2487,23.73,0.7,13.67,0.38,0.76,0.75,55 Complaints
1,2488,31.27,0.71,24.77,0.27,0.88,0.87,40 Complaints
2,2489,19.22,0.66,20.07,0.16,0.45,0.86,85 Complaints
2,2490,30.09,0.65,20.72,0.41,0.67,0.87,79 Complaints
6,2491,21.31,0.78,12.37,0.12,0.5,0.92,74 Complaints
6,2492,27.73,0.67,23.34,0.12,0.87,0.97,74 Complaints
7,2493,31.28,0.73,20.95,0.59,0.55,0.73,69 Complaints
3,2494,34.45,0.67,26.03,0.57,0.35,0.92,19 Complaints
7,2495,31.78,0.79,14.27,0.26,0.51,0.66,50 Complaints
3,2496,26.85,0.8,23.13,0.52,0.76,0.78,38 Complaints
1,2497,21.18,0.8,20.33,0.22,0.83,0.72,0 Complaints
4,2498,21.52,0.69,12.88,0.42,0.36,0.92,25 Complaints
2,2499,19.61,0.76,12.22,0.22,0.6,0.95,80 Complaints
7,2500,17.9,0.8,11.92,0.4,0.21,0.78,88 Complaints
3,2501,22.75,0.84,21.12,0.56,0.73,0.84,17 Complaints
7,2502,28.08,0.86,23.84,0.41,0.75,0.72,45 Complaints
2,2503,27.62,0.85,22.35,0.57,0.36,0.89,37 Complaints
6,2504,31.2,0.84,23.9,0.32,0.22,0.88,15 Complaints
6,2505,5.13,0.81,8.62,0.1,0.37,0.8,97 Complaints
5,2506,4.64,0.87,9.08,0.39,0.36,0.9,19 Complaints
2,2507,30.28,0.82,14.8,0.29,0.3,0.73,89 Complaints
7,2508,36.47,0.85,26.9,0.5,0.31,0.66,40 Complaints
1,2509,25.53,0.81,21.5,0.47,0.89,0.9,57 Complaints
2,2510,24.61,0.83,22.08,0.59,0.43,0.95,40 Complaints
5,2511,16.2,0.88,11.12,0.23,0.76,0.91,7 Complaints
4,2512,5.25,0.9,9.41,0.47,0.53,0.8,76 Complaints
4,2513,34.51,0.81,25.07,0.18,0.83,0.76,28 Complaints
2,2514,26.52,0.81,19.48,0.44,0.61,0.94,40 Complaints
5,2515,6.13,0.83,10.45,0.62,0.29,0.83,23 Complaints
4,2516,25.9,0.86,22.37,0.31,0.6,0.78,68 Complaints
3,2517,33.7,0.85,21.2,0.42,0.66,0.73,59 Complaints
5,2518,30.76,0.86,14.73,0.12,0.7,0.86,50 Complaints
6,2519,31.47,0.8,14.87,0.4,0.27,0.8,61 Complaints
7,2520,32.6,0.81,15.35,0.64,0.25,0.86,95 Complaints
4,2521,25.29,0.83,22.17,0.42,0.57,0.66,51 Complaints
7,2522,27.04,0.85,23.88,0.36,0.57,0.69,18 Complaints
3,2523,21.83,0.8,13.4,0.19,0.49,0.93,26 Complaints
7,2524,31.52,0.86,24.2,0.32,0.27,0.81,69 Complaints
2,2525,32.27,0.9,25.29,0.48,0.43,0.67,96 Complaints
6,2526,30.98,0.86,14.65,0.65,0.44,0.92,65 Complaints
7,2527,32.95,0.81,25.52,0.58,0.54,0.8,55 Complaints
2,2528,18.78,0.88,11.9,0.52,0.48,0.96,5 Complaints
1,2529,31.14,0.8,14.53,0.31,0.5,0.89,15 Complaints
3,2530,5.88,0.9,9.48,0.51,0.62,0.84,43 Complaints
4,2531,5.78,0.9,9.19,0.58,0.72,0.71,80 Complaints
4,2532,30.61,0.88,22.04,0.35,0.35,0.91,38 Complaints
7,2533,34.72,0.8,26.62,0.45,0.65,0.79,86 Complaints
5,2534,31.24,0.84,23.38,0.34,0.73,0.93,29 Complaints
6,2535,20.54,0.9,20.54,0.48,0.56,0.78,95 Complaints
2,2536,31.88,0.85,24.7,0.45,0.71,0.73,3 Complaints
6,2537,20.14,0.83,12.44,0.54,0.42,0.93,50 Complaints
1,2538,7.04,0.83,9.16,0.61,0.41,0.9,41 Complaints
7,2539,32.08,0.85,15.64,0.17,0.48,0.7,27 Complaints
3,2540,6.48,0.87,9.27,0.46,0.39,0.86,96 Complaints
4,2541,37.45,0.86,27.01,0.13,0.69,0.91,26 Complaints
4,2542,28.23,0.85,22.63,0.28,0.75,0.74,97 Complaints
4,2543,31.12,0.88,24.46,0.35,0.77,0.7,96 Complaints
5,2544,24,0.9,14.17,0.57,0.75,0.95,83 Complaints
6,2545,18.87,0.89,12.38,0.53,0.86,0.74,2 Complaints
4,2546,24.34,0.89,21.34,0.27,0.83,0.78,87 Complaints
3,2547,36.76,0.89,26.51,0.22,0.86,0.65,85 Complaints
6,2548,33.32,0.88,22.48,0.52,0.63,0.86,25 Complaints
3,2549,38.69,0.9,27.85,0.41,0.78,0.71,7 Complaints
4,2550,29.41,0.85,22.76,0.23,0.5,0.65,9 Complaints
2,2551,32.12,0.9,25.67,0.55,0.58,0.66,73 Complaints
6,2552,30.46,0.9,13.78,0.47,0.4,0.73,54 Complaints
3,2553,20.72,0.86,12.36,0.39,0.71,0.68,80 Complaints
5,2554,29.23,0.82,23.05,0.5,0.41,0.88,66 Complaints
1,2555,30.82,0.8,14.69,0.32,0.76,0.85,24 Complaints
6,2556,31.2,0.87,23.38,0.27,0.22,0.86,10 Complaints
7,2557,27.41,0.83,19.9,0.36,0.36,0.9,11 Complaints
5,2558,22.15,0.86,21.29,0.25,0.59,0.87,38 Complaints
7,2559,17.51,0.85,11.24,0.25,0.62,0.77,70 Complaints
7,2560,33.08,0.9,22.24,0.42,0.73,0.79,63 Complaints
6,2561,31.36,0.89,26.01,0.45,0.2,0.71,31 Complaints
1,2562,37.88,0.8,27.82,0.31,0.49,0.93,42 Complaints
7,2563,31.7,0.9,25.53,0.38,0.53,0.72,96 Complaints
6,2564,31.34,0.8,23.64,0.14,0.35,0.68,13 Complaints
7,2565,22.63,0.88,21.42,0.53,0.44,0.88,21 Complaints
4,2566,37.89,0.81,28.32,0.59,0.66,0.74,28 Complaints
7,2567,28.01,0.9,22.42,0.61,0.58,0.78,14 Complaints
2,2568,32.5,0.85,21.51,0.49,0.3,0.97,99 Complaints
1,2569,31.26,0.85,24.5,0.37,0.49,0.95,74 Complaints
6,2570,15.52,0.83,11.55,0.53,0.2,0.65,64 Complaints
5,2571,31.1,0.88,22.73,0.49,0.59,0.83,98 Complaints
3,2572,30.97,0.84,24.89,0.57,0.76,0.94,2 Complaints
7,2573,21.01,0.9,12.32,0.18,0.4,0.77,59 Complaints
7,2574,24.36,0.89,21.85,0.15,0.35,0.69,70 Complaints
2,2575,29.88,0.81,22.97,0.33,0.79,0.91,41 Complaints
1,2576,25.93,0.82,21.6,0.37,0.71,0.84,58 Complaints
4,2577,28.95,0.85,19.48,0.16,0.39,0.75,35 Complaints
7,2578,20.94,0.9,13.15,0.5,0.88,0.67,99 Complaints
4,2579,5.56,0.87,9.86,0.33,0.52,0.87,79 Complaints
2,2580,22.91,0.8,21.35,0.22,0.57,0.97,72 Complaints
2,2581,6.77,0.87,9.04,0.65,0.63,0.78,31 Complaints
5,2582,36.02,0.9,26.65,0.16,0.25,0.93,53 Complaints
6,2583,35.71,0.9,26.62,0.29,0.48,0.79,76 Complaints
1,2584,23.22,0.86,20.7,0.54,0.76,0.68,14 Complaints
2,2585,33.41,0.89,15.76,0.27,0.31,0.81,45 Complaints
6,2586,19.67,0.85,12.54,0.19,0.23,0.99,26 Complaints
4,2587,17.1,0.84,11.72,0.58,0.74,0.93,33 Complaints
7,2588,30.65,0.82,14.1,0.11,0.46,0.92,44 Complaints
2,2589,24.88,0.81,22.59,0.41,0.78,0.7,87 Complaints
3,2590,5.7,0.89,9.66,0.48,0.45,0.67,9 Complaints
2,2591,20.89,0.89,12.34,0.35,0.24,0.8,53 Complaints
1,2592,22.73,0.89,22.33,0.22,0.49,0.8,98 Complaints
3,2593,34,0.82,15.5,0.13,0.81,0.92,91 Complaints
7,2594,27.72,0.82,23.67,0.4,0.28,0.93,62 Complaints
5,2595,4.83,0.85,8.93,0.59,0.22,0.69,89 Complaints
6,2596,26.52,0.84,13,0.39,0.8,0.78,14 Complaints
3,2597,21.65,0.83,12.97,0.29,0.68,0.71,18 Complaints
5,2598,7.67,0.8,9.89,0.3,0.28,0.85,89 Complaints
7,2599,25.9,0.85,13.03,0.34,0.49,0.68,54 Complaints
5,2600,31.61,0.81,14.13,0.26,0.8,1,56 Complaints
4,2601,25.42,0.81,22.04,0.5,0.46,0.67,4 Complaints
7,2602,19.12,0.8,12.14,0.26,0.23,0.8,35 Complaints
4,2603,33.57,0.85,14.89,0.11,0.81,0.86,68 Complaints
1,2604,31.9,0.84,21.6,0.63,0.37,0.67,56 Complaints
7,2605,28.43,0.88,24.11,0.28,0.78,0.76,81 Complaints
3,2606,19.99,0.84,19.61,0.61,0.41,0.77,68 Complaints
3,2607,35.85,0.83,27.31,0.1,0.77,1,100 Complaints
3,2608,26.74,0.87,13.75,0.26,0.59,0.69,13 Complaints
1,2609,7.81,0.88,9.69,0.3,0.85,0.92,26 Complaints
2,2610,30.45,0.86,14.5,0.58,0.84,0.68,83 Complaints
2,2611,22.02,0.84,20.91,0.15,0.53,0.81,62 Complaints
2,2612,32.28,0.82,23.73,0.19,0.49,0.91,82 Complaints
5,2613,22.95,0.88,21.69,0.59,0.2,0.8,28 Complaints
1,2614,36.52,0.83,27,0.43,0.28,0.82,13 Complaints
2,2615,28.04,0.9,22.12,0.57,0.5,0.98,11 Complaints
2,2616,33.2,0.83,26.12,0.58,0.85,0.73,21 Complaints
2,2617,8.44,0.88,9.12,0.61,0.22,0.95,46 Complaints
7,2618,28.92,0.89,20.47,0.39,0.48,0.91,57 Complaints
7,2619,31.57,0.9,22.94,0.47,0.29,0.69,93 Complaints
5,2620,16.02,0.82,10.11,0.45,0.72,0.88,58 Complaints
3,2621,37.74,0.8,27,0.44,0.75,0.75,84 Complaints
4,2622,24.33,0.81,13.71,0.47,0.64,0.7,62 Complaints
5,2623,24.45,0.85,20.54,0.13,0.74,0.69,95 Complaints
2,2624,26.45,0.87,22.58,0.44,0.51,0.76,32 Complaints
5,2625,29.13,0.87,21.44,0.17,0.33,0.69,32 Complaints
7,2626,26.03,0.85,22.38,0.28,0.72,1,28 Complaints
3,2627,30.01,0.85,20.88,0.17,0.77,0.95,53 Complaints
2,2628,16.84,0.8,11.11,0.3,0.32,0.93,12 Complaints
2,2629,21.67,0.88,20.59,0.12,0.54,0.93,62 Complaints
2,2630,30.23,0.81,24.62,0.24,0.45,0.76,61 Complaints
1,2631,20.18,0.86,20.09,0.55,0.66,0.81,56 Complaints
7,2632,16.96,0.83,11,0.53,0.64,0.69,50 Complaints
3,2633,29.08,0.81,20.37,0.38,0.85,0.96,28 Complaints
3,2634,24.9,0.9,22.72,0.49,0.82,0.97,86 Complaints
2,2635,28.66,0.9,22.56,0.22,0.68,0.75,14 Complaints
6,2636,24.26,0.84,22.03,0.41,0.81,0.86,21 Complaints
1,2637,24.33,0.9,20.99,0.18,0.23,0.78,47 Complaints
2,2638,33.35,0.88,26,0.46,0.58,0.74,19 Complaints
7,2639,17.2,0.85,11.65,0.61,0.22,0.75,58 Complaints
1,2640,5.56,0.85,8.51,0.57,0.31,0.79,80 Complaints
7,2641,29.87,0.84,24.43,0.17,0.78,1,23 Complaints
4,2642,22.17,0.87,12.93,0.43,0.3,0.91,64 Complaints
6,2643,17.8,0.89,11.24,0.32,0.56,0.85,31 Complaints
2,2644,32.13,0.83,24.49,0.55,0.79,0.81,2 Complaints
5,2645,32.72,0.85,21.55,0.37,0.53,0.99,30 Complaints
2,2646,33.02,0.88,26.57,0.11,0.52,0.82,15 Complaints
5,2647,28.93,0.85,20.29,0.31,0.9,0.69,97 Complaints
7,2648,31.68,0.8,24.01,0.45,0.84,0.8,61 Complaints
1,2649,7.61,0.88,9.79,0.41,0.31,0.83,50 Complaints
1,2650,16.97,0.87,10.97,0.61,0.65,0.67,31 Complaints
3,2651,23.9,0.85,20.95,0.24,0.26,0.91,22 Complaints
6,2652,22.34,0.87,13.31,0.63,0.21,0.65,97 Complaints
3,2653,26.37,0.85,14.31,0.32,0.78,0.71,100 Complaints
2,2654,36.51,0.89,26.33,0.29,0.29,0.72,89 Complaints
3,2655,30.61,0.81,24.57,0.55,0.76,0.7,51 Complaints
3,2656,27.97,0.84,23.45,0.44,0.23,0.9,27 Complaints
5,2657,16.47,0.87,9.93,0.34,0.82,0.68,8 Complaints
5,2658,21.45,0.81,13.2,0.37,0.24,1,88 Complaints
3,2659,37.39,0.8,27.11,0.31,0.48,0.65,70 Complaints
6,2660,29.48,0.86,22.89,0.27,0.77,0.94,72 Complaints
1,2661,31.31,0.81,14.25,0.5,0.86,0.65,16 Complaints
2,2662,21.78,0.86,12.88,0.18,0.7,0.72,34 Complaints
1,2663,20.41,0.82,20.8,0.22,0.76,0.96,18 Complaints
3,2664,29.94,0.84,22.52,0.27,0.44,0.78,54 Complaints
5,2665,32.42,0.8,24.37,0.41,0.48,0.87,21 Complaints
7,2666,25.29,0.81,21.96,0.42,0.72,1,87 Complaints
2,2667,26.12,0.83,22.42,0.46,0.63,0.73,62 Complaints
4,2668,17,0.85,10.77,0.38,0.73,0.75,25 Complaints
6,2669,25.77,0.89,22.12,0.37,0.42,0.99,7 Complaints
1,2670,22.88,0.84,21.03,0.51,0.39,0.98,53 Complaints
4,2671,7.34,0.86,9.48,0.53,0.72,0.65,0 Complaints
4,2672,27.16,0.8,21.41,0.43,0.42,0.73,97 Complaints
2,2673,23.07,0.87,21.52,0.61,0.52,0.98,56 Complaints
7,2674,23.79,0.8,21.3,0.57,0.52,0.71,19 Complaints
7,2675,4.28,0.83,7.92,0.29,0.78,0.74,62 Complaints
2,2676,21.86,0.88,13.49,0.2,0.38,0.98,84 Complaints
2,2677,21.94,0.9,20.41,0.19,0.87,0.85,97 Complaints
4,2678,26.57,0.9,15.24,0.25,0.49,0.81,85 Complaints
6,2679,28.84,0.85,13.55,0.4,0.35,0.98,91 Complaints
5,2680,26.4,0.81,22.97,0.49,0.77,0.92,38 Complaints
3,2681,21.14,0.86,13.31,0.65,0.36,0.79,65 Complaints
5,2682,31.51,0.8,25.53,0.4,0.39,0.75,84 Complaints
7,2683,29.79,0.89,20.42,0.3,0.68,0.89,29 Complaints
7,2684,27.92,0.82,23.62,0.63,0.76,0.88,61 Complaints
6,2685,36.29,0.84,27.63,0.35,0.61,0.8,33 Complaints
5,2686,7.1,0.9,10.13,0.11,0.51,0.75,17 Complaints
2,2687,27.49,0.88,22.39,0.61,0.74,0.67,50 Complaints
5,2688,35.51,0.89,26.92,0.15,0.72,0.73,10 Complaints
2,2689,22.99,0.82,12.45,0.48,0.59,0.74,10 Complaints
2,2690,28.79,0.81,13.45,0.27,0.71,0.77,57 Complaints
1,2691,31.94,0.8,25.35,0.11,0.43,0.86,38 Complaints
2,2692,33.23,0.86,25.44,0.5,0.3,0.65,50 Complaints
5,2693,33.34,0.82,26.37,0.57,0.54,0.71,14 Complaints
1,2694,22.97,0.87,21.32,0.63,0.73,0.94,49 Complaints
4,2695,27.76,0.88,22.55,0.55,0.65,0.73,69 Complaints
1,2696,24.29,0.84,22.13,0.23,0.72,0.99,49 Complaints
7,2697,30.83,0.84,21.76,0.19,0.79,0.72,39 Complaints
6,2698,23.14,0.89,22.27,0.4,0.51,0.68,69 Complaints
5,2699,30.06,0.87,21.12,0.65,0.82,0.88,72 Complaints
4,2700,31.37,0.86,14.83,0.46,0.81,0.85,5 Complaints
6,2701,27.39,0.83,21.07,0.31,0.73,0.93,94 Complaints
7,2702,30.93,0.84,20.91,0.55,0.51,0.85,48 Complaints
5,2703,25.61,0.84,22.93,0.57,0.87,0.69,8 Complaints
5,2704,7.16,0.85,10.26,0.43,0.49,0.85,94 Complaints
7,2705,19.53,0.84,18.96,0.27,0.73,0.89,75 Complaints
2,2706,5.07,0.81,9.12,0.15,0.79,0.94,41 Complaints
5,2707,7.58,0.83,9.53,0.54,0.67,0.93,72 Complaints
5,2708,28.42,0.82,24.09,0.58,0.29,0.89,1 Complaints
1,2709,26.04,0.81,23.03,0.65,0.7,0.88,73 Complaints
6,2710,23.1,0.89,21.11,0.31,0.6,0.78,47 Complaints
6,2711,23.43,0.83,13.62,0.36,0.79,0.83,23 Complaints
6,2712,21.05,0.83,12.69,0.56,0.87,0.91,25 Complaints
2,2713,7.74,0.8,10.55,0.62,0.29,0.73,65 Complaints
4,2714,30.87,0.88,20.75,0.25,0.33,0.72,42 Complaints
5,2715,30.5,0.89,23.6,0.51,0.39,0.89,33 Complaints
3,2716,29.25,0.85,13.43,0.17,0.23,0.66,44 Complaints
4,2717,24,0.88,23.27,0.22,0.66,0.67,62 Complaints
4,2718,35.25,0.87,26.81,0.56,0.52,0.93,82 Complaints
7,2719,34,0.81,26.25,0.58,0.53,0.91,61 Complaints
1,2720,27.24,0.81,23.04,0.14,0.47,0.73,87 Complaints
2,2721,18.86,0.9,19.06,0.47,0.28,0.87,85 Complaints
1,2722,7.01,0.81,9.66,0.41,0.3,0.82,37 Complaints
2,2723,29.07,0.82,20.65,0.1,0.25,0.68,13 Complaints
2,2724,32.02,0.8,25.31,0.38,0.26,0.99,76 Complaints
7,2725,30.52,0.8,22.07,0.21,0.74,0.75,24 Complaints
3,2726,37.58,0.84,27.54,0.61,0.71,0.87,80 Complaints
2,2727,19.08,0.9,11.77,0.4,0.48,0.76,69 Complaints
6,2728,29.3,0.85,23.96,0.54,0.43,0.9,83 Complaints
6,2729,37.62,0.89,27.83,0.31,0.57,0.83,88 Complaints
1,2730,23.06,0.86,12.84,0.57,0.85,0.72,31 Complaints
5,2731,21.92,0.85,12.59,0.26,0.57,0.87,42 Complaints
1,2732,18.57,0.81,10.85,0.45,0.37,0.88,25 Complaints
3,2733,17.96,0.9,11.58,0.43,0.64,0.75,62 Complaints
4,2734,28.83,0.89,13.29,0.18,0.22,0.78,87 Complaints
7,2735,24.22,0.88,20.84,0.53,0.33,0.69,70 Complaints
5,2736,23.75,0.86,21.41,0.56,0.32,0.71,25 Complaints
3,2737,32.21,0.83,24.98,0.5,0.87,0.86,1 Complaints
2,2738,24.91,0.83,21.38,0.26,0.73,0.9,41 Complaints
4,2739,21.9,0.88,20.69,0.41,0.64,0.67,0 Complaints
6,2740,23.7,0.86,21.44,0.54,0.73,0.66,43 Complaints
1,2741,27.35,0.87,19.43,0.36,0.56,0.69,38 Complaints
4,2742,4.91,0.85,8.9,0.11,0.88,0.92,58 Complaints
2,2743,20.97,0.85,12.98,0.15,0.72,0.93,13 Complaints
1,2744,22.45,0.85,12.97,0.46,0.32,0.8,20 Complaints
6,2745,35.97,0.86,26.88,0.39,0.8,0.72,19 Complaints
6,2746,6.7,0.81,9.05,0.4,0.88,0.95,54 Complaints
5,2747,26.6,0.83,23.28,0.3,0.69,0.71,54 Complaints
6,2748,17.13,0.89,10.54,0.19,0.47,0.75,65 Complaints
6,2749,31.41,0.86,13.35,0.29,0.59,0.68,30 Complaints
2,2750,39.23,0.85,27.88,0.57,0.87,0.73,8 Complaints
7,2751,25.23,0.83,22.59,0.45,0.25,0.96,26 Complaints
3,2752,7.97,0.81,9.73,0.28,0.31,0.73,55 Complaints
7,2753,26.57,0.9,23.63,0.39,0.74,0.81,45 Complaints
3,2754,19.75,0.9,12.46,0.29,0.9,0.75,72 Complaints
5,2755,31.97,0.88,24.22,0.49,0.32,0.68,65 Complaints
6,2756,23.85,0.9,14.03,0.65,0.71,0.93,28 Complaints
4,2757,32.93,0.81,23.52,0.55,0.74,0.92,17 Complaints
3,2758,38.56,0.89,27.39,0.37,0.68,0.97,90 Complaints
3,2759,32.26,0.85,24.43,0.63,0.78,0.67,23 Complaints
6,2760,21.18,0.84,12.83,0.5,0.9,0.76,1 Complaints
1,2761,22.74,0.89,13.37,0.62,0.51,0.89,79 Complaints
4,2762,30.78,0.86,24.22,0.43,0.25,0.81,55 Complaints
4,2763,26.1,0.81,22.1,0.43,0.81,0.89,58 Complaints
6,2764,28.53,0.84,14.25,0.58,0.64,0.98,28 Complaints
1,2765,23.25,0.88,21.99,0.4,0.22,0.83,37 Complaints
3,2766,30.22,0.87,21.61,0.25,0.84,0.81,94 Complaints
3,2767,20.07,0.86,12.04,0.56,0.33,0.81,28 Complaints
6,2768,26.12,0.8,21.1,0.59,0.9,0.98,31 Complaints
6,2769,23.8,0.9,13.32,0.59,0.49,0.85,93 Complaints
7,2770,33.45,0.89,14.97,0.63,0.85,0.77,72 Complaints
2,2771,20.24,0.9,11.82,0.19,0.26,0.76,22 Complaints
6,2772,23.91,0.89,13.21,0.16,0.84,0.97,100 Complaints
5,2773,23.3,0.8,13.81,0.15,0.38,0.95,23 Complaints
4,2774,4.66,0.87,9.05,0.28,0.38,0.7,19 Complaints
3,2775,3.63,0.85,7.63,0.59,0.23,1,60 Complaints
7,2776,26.14,0.89,22.4,0.41,0.64,0.84,92 Complaints
1,2777,32.53,0.8,14.19,0.56,0.62,0.77,77 Complaints
5,2778,24.33,0.86,21.36,0.12,0.55,0.8,23 Complaints
2,2779,29.22,0.8,23.49,0.59,0.5,0.73,86 Complaints
2,2780,22.9,0.82,21.43,0.62,0.73,0.93,13 Complaints
1,2781,36.06,0.82,26.46,0.43,0.43,0.96,42 Complaints
6,2782,18.33,0.88,11.72,0.2,0.86,0.81,67 Complaints
2,2783,6.54,0.89,8.92,0.21,0.56,0.86,65 Complaints
5,2784,30.48,0.84,21.29,0.32,0.52,0.8,8 Complaints
5,2785,19.72,0.81,12.23,0.49,0.32,0.73,76 Complaints
4,2786,4.7,0.87,8.84,0.13,0.73,0.86,56 Complaints
1,2787,28.71,0.9,13.03,0.56,0.67,1,4 Complaints
1,2788,32.19,0.86,24.08,0.15,0.54,0.92,80 Complaints
5,2789,31.47,0.84,15.45,0.49,0.4,0.88,8 Complaints
4,2790,6,0.8,9.72,0.62,0.47,0.75,89 Complaints
1,2791,28.65,0.84,13.56,0.35,0.68,0.69,18 Complaints
5,2792,29.61,0.86,13.54,0.11,0.29,0.84,92 Complaints
7,2793,17.76,0.81,12.49,0.28,0.25,0.78,32 Complaints
5,2794,23.53,0.81,21.36,0.36,0.42,0.71,34 Complaints
7,2795,27.98,0.82,20.04,0.19,0.66,0.91,55 Complaints
7,2796,26.83,0.89,22.94,0.64,0.85,0.73,98 Complaints
7,2797,29.8,0.84,22.94,0.56,0.32,0.96,51 Complaints
5,2798,36.11,0.88,27.05,0.23,0.72,0.8,25 Complaints
3,2799,17.11,0.9,10.43,0.11,0.3,0.98,50 Complaints
3,2800,29.51,0.95,14.37,0.63,0.34,0.79,52 Complaints
7,2801,28.64,0.96,22.51,0.54,0.72,0.66,3 Complaints
6,2802,34.73,0.92,26.41,0.52,0.82,0.73,77 Complaints
2,2803,21.65,0.93,20.08,0.15,0.6,0.75,40 Complaints
6,2804,20.32,0.97,12.56,0.65,0.46,0.78,54 Complaints
5,2805,16.19,0.98,11.23,0.41,0.83,0.85,38 Complaints
6,2806,29.07,0.99,22.47,0.56,0.31,0.69,2 Complaints
6,2807,37.76,1,27.57,0.62,0.51,0.65,51 Complaints
2,2808,29.08,0.95,23.23,0.5,0.53,0.81,84 Complaints
5,2809,26.63,0.99,22.11,0.37,0.67,0.69,83 Complaints
2,2810,19.55,0.91,13.4,0.34,0.89,0.82,31 Complaints
7,2811,28.94,0.95,23.18,0.18,0.53,0.83,2 Complaints
4,2812,36.64,0.99,26.64,0.41,0.56,0.84,85 Complaints
6,2813,22.44,0.9,11.83,0.42,0.58,0.68,67 Complaints
6,2814,26.33,0.92,22.25,0.3,0.49,0.7,87 Complaints
2,2815,24.03,0.99,13.58,0.6,0.34,0.65,76 Complaints
7,2816,6.61,0.91,9.21,0.56,0.67,0.7,76 Complaints
7,2817,23.4,0.97,12.79,0.36,0.7,0.99,23 Complaints
4,2818,24.98,0.96,13.77,0.44,0.54,0.99,26 Complaints
3,2819,37.49,0.91,27.34,0.41,0.47,0.72,47 Complaints
6,2820,38.68,0.97,27.95,0.46,0.81,0.66,19 Complaints
2,2821,30.12,0.95,25.14,0.55,0.39,0.88,9 Complaints
3,2822,29.67,0.94,21.01,0.22,0.74,0.84,27 Complaints
7,2823,29.46,0.99,24.3,0.26,0.36,0.81,88 Complaints
5,2824,27.22,0.91,22.9,0.34,0.48,0.74,87 Complaints
6,2825,28.8,0.92,24.05,0.2,0.49,0.68,76 Complaints
5,2826,7,0.95,9.12,0.64,0.35,0.74,82 Complaints
5,2827,31.17,0.95,19.91,0.51,0.63,0.7,25 Complaints
4,2828,18.22,0.93,10.94,0.59,0.75,0.73,14 Complaints
6,2829,21.19,0.97,20.5,0.24,0.73,0.65,79 Complaints
5,2830,21.67,0.96,12.26,0.55,0.73,0.86,56 Complaints
2,2831,31.36,0.9,23.85,0.6,0.64,1,28 Complaints
1,2832,29.99,0.91,23.77,0.52,0.2,1,8 Complaints
2,2833,38.4,0.9,27.81,0.24,0.23,0.67,10 Complaints
5,2834,31.58,0.91,13.8,0.55,0.52,0.83,48 Complaints
3,2835,34.58,0.99,26.33,0.1,0.79,0.88,91 Complaints
3,2836,3.76,0.98,8.71,0.47,0.49,0.98,62 Complaints
1,2837,24.11,0.97,13.59,0.6,0.69,0.94,88 Complaints
3,2838,10.89,0.9,10.1,0.38,0.76,0.69,2 Complaints
6,2839,19.07,0.96,11.57,0.37,0.39,0.9,80 Complaints
2,2840,24.57,0.91,22.04,0.43,0.46,0.8,71 Complaints
3,2841,4.61,0.95,7.81,0.52,0.26,0.7,13 Complaints
1,2842,25.53,0.99,21.65,0.19,0.87,0.92,41 Complaints
2,2843,22.48,0.98,21.22,0.44,0.55,0.71,46 Complaints
