Id_employee,High_difficulty,Medium_difficulty,Low_difficulty
1001,0.85,0.06,0.09
1002,0.57,0,0.43
1003,0.65,0.11,0.24
1004,0.57,0,0.43
1005,0.55,0.11,0.34
1006,0.27,0.23,0.49
1007,0.62,0.07,0.31
1008,0.78,0.08,0.13
1009,0.87,0.07,0.07
1010,0.83,0.06,0.11
1011,0.91,0,0.09
1012,0.54,0.11,0.35
1013,0.77,0.05,0.18
1014,0.57,0,0.43
1015,0.86,0.06,0.09
1016,0.83,0.06,0.11
1017,0.66,0.17,0.17
1018,0.67,0,0.33
1019,0.62,0.07,0.31
1020,0.73,0,0.27
1021,0.66,0.17,0.17
1022,0.62,0.07,0.31
1023,0.91,0,0.09
1024,0.55,0.11,0.34
1025,0.27,0.23,0.49
1026,0.84,0.08,0.08
1027,0.66,0.17,0.17
1028,0.77,0.05,0.18
1029,0.55,0.11,0.34
1030,0.62,0.07,0.31
1031,0.66,0.17,0.17
1032,0.73,0.09,0.19
1033,0.62,0.11,0.27
1034,0.27,0.23,0.49
1035,0.64,0.16,0.21
1036,0.86,0.06,0.09
1037,0.67,0,0.33
1038,0.65,0.11,0.24
1039,0.62,0.07,0.31
1040,0.66,0.17,0.17
1041,0.64,0.16,0.21
1042,0.86,0.06,0.09
1043,0.27,0.23,0.49
1044,0.77,0.05,0.18
1045,0.78,0.08,0.13
1046,0.86,0.06,0.09
1047,0.64,0.1,0.26
1048,0.91,0,0.09
1049,0.62,0.11,0.27
1050,0.27,0.23,0.49
1051,0.84,0.08,0.08
1052,0.91,0,0.09
1053,0.78,0.08,0.13
1054,0.87,0.07,0.07
1055,0.57,0,0.43
1056,0.9,0.1,0
1057,0.57,0,0.43
1058,0.91,0,0.09
1059,0.54,0.11,0.35
1060,0.66,0.17,0.17
1061,0.67,0,0.33
1062,0.62,0.07,0.31
1063,0.77,0.05,0.18
1064,0.78,0.08,0.13
1065,0.83,0.06,0.11
1066,0.66,0.17,0.17
1067,0.84,0.08,0.08
1068,0.77,0.05,0.18
1069,0.83,0.06,0.11
1070,0.66,0.17,0.17
1071,0.84,0.08,0.08
1072,0.77,0.05,0.18
1073,0.62,0.11,0.27
1074,0.86,0.06,0.09
1075,0.57,0,0.43
1076,0.65,0.11,0.24
1077,0.57,0,0.43
1078,0.55,0.11,0.34
1079,0.27,0.23,0.49
1080,0.62,0.07,0.31
1081,0.78,0.08,0.13
1082,0.87,0.07,0.07
1083,0.83,0.06,0.11
1084,0.91,0,0.09
1085,0.54,0.11,0.35
1086,0.77,0.05,0.18
1087,0.57,0,0.43
1088,0.86,0.06,0.09
1089,0.83,0.06,0.11
1090,0.66,0.17,0.17
1091,0.67,0,0.33
1092,0.62,0.07,0.31
1093,0.73,0,0.27
1094,0.66,0.17,0.17
1095,0.62,0.07,0.31
1096,0.91,0,0.09
1097,0.55,0.11,0.34
1098,0.27,0.23,0.49
1099,0.84,0.08,0.08
1100,0.66,0.17,0.17
1101,0.77,0.05,0.18
1102,0.55,0.11,0.34
1103,0.62,0.07,0.31
1104,0.66,0.17,0.17
1105,0.73,0.09,0.19
1106,0.62,0.11,0.27
1107,0.27,0.23,0.49
1108,0.64,0.16,0.21
1109,0.86,0.06,0.09
1110,0.67,0,0.33
1111,0.65,0.11,0.24
1112,0.62,0.07,0.31
1113,0.66,0.17,0.17
1114,0.64,0.16,0.21
1115,0.86,0.06,0.09
1116,0.27,0.23,0.49
1117,0.77,0.05,0.18
1118,0.78,0.08,0.13
1119,0.86,0.06,0.09
1120,0.64,0.1,0.26
1121,0.91,0,0.09
1122,0.62,0.11,0.27
1123,0.27,0.23,0.49
1124,0.84,0.08,0.08
1125,0.91,0,0.09
1126,0.78,0.08,0.13
1127,0.87,0.07,0.07
1128,0.57,0,0.43
1129,0.9,0.1,0
1130,0.57,0,0.43
1131,0.91,0,0.09
1132,0.54,0.11,0.35
1133,0.66,0.17,0.17
1134,0.67,0,0.33
1135,0.62,0.07,0.31
1136,0.77,0.05,0.18
1137,0.78,0.08,0.13
1138,0.83,0.06,0.11
1139,0.66,0.17,0.17
1140,0.84,0.08,0.08
1141,0.77,0.05,0.18
1142,0.83,0.06,0.11
1143,0.66,0.17,0.17
1144,0.84,0.08,0.08
1145,0.77,0.05,0.18
1146,0.62,0.11,0.27
1147,0.86,0.06,0.09
1148,0.57,0,0.43
1149,0.65,0.11,0.24
1150,0.57,0,0.43
1151,0.55,0.11,0.34
1152,0.27,0.23,0.49
1153,0.62,0.07,0.31
1154,0.78,0.08,0.13
1155,0.87,0.07,0.07
1156,0.83,0.06,0.11
1157,0.91,0,0.09
1158,0.54,0.11,0.35
1159,0.77,0.05,0.18
1160,0.57,0,0.43
1161,0.86,0.06,0.09
1162,0.83,0.06,0.11
1163,0.66,0.17,0.17
1164,0.67,0,0.33
1165,0.62,0.07,0.31
1166,0.73,0,0.27
1167,0.66,0.17,0.17
1168,0.62,0.07,0.31
1169,0.91,0,0.09
1170,0.55,0.11,0.34
1171,0.77,0.05,0.18
1172,0.55,0.11,0.34
1173,0.62,0.07,0.31
1174,0.66,0.17,0.17
1175,0.73,0.09,0.19
1176,0.62,0.11,0.27
1177,0.27,0.23,0.49
1178,0.64,0.16,0.21
1179,0.86,0.06,0.09
1180,0.67,0,0.33
1181,0.65,0.11,0.24
1182,0.62,0.07,0.31
1183,0.66,0.17,0.17
1184,0.64,0.16,0.21
1185,0.86,0.06,0.09
1186,0.27,0.23,0.49
1187,0.77,0.05,0.18
1188,0.78,0.08,0.13
1189,0.86,0.06,0.09
1190,0.64,0.1,0.26
1191,0.91,0,0.09
1192,0.62,0.11,0.27
1193,0.27,0.23,0.49
1194,0.84,0.08,0.08
1195,0.91,0,0.09
1196,0.78,0.08,0.13
1197,0.87,0.07,0.07
1198,0.57,0,0.43
1199,0.9,0.1,0
1200,0.57,0,0.43
1201,0.91,0,0.09
1202,0.54,0.11,0.35
1203,0.66,0.17,0.17
1204,0.67,0,0.33
1205,0.62,0.07,0.31
1206,0.77,0.05,0.18
1207,0.78,0.08,0.13
1208,0.83,0.06,0.11
1209,0.66,0.17,0.17
1210,0.84,0.08,0.08
1211,0.77,0.05,0.18
1212,0.83,0.06,0.11
1213,0.66,0.17,0.17
1214,0.84,0.08,0.08
1215,0.77,0.05,0.18
1216,0.62,0.11,0.27
1217,0.73,0.09,0.19
1218,0,0,1
1219,0.62,0.11,0.27
1220,0.83,0.06,0.11
1221,0.86,0.06,0.09
1222,0.66,0.17,0.17
1223,0.54,0.15,0.32
1224,0.65,0.11,0.24
1225,0.67,0,0.33
1226,0.5,0.13,0.37
1227,0.64,0.1,0.26
1228,0.84,0.08,0.08
1229,0.91,0,0.09
1230,0.77,0.05,0.18
1231,0.54,0.11,0.35
1232,0.57,0,0.43
1233,0.55,0.11,0.34
1234,0.9,0.1,0
1235,0.58,0.17,0.25
1236,0.66,0.13,0.21
1237,0.64,0.16,0.21
1238,0.73,0,0.27
1239,0.69,0.2,0.11
1240,0.73,0.09,0.19
1241,0,0,1
1242,0.62,0.11,0.27
1243,0.86,0.06,0.09
1244,0.27,0.23,0.49
1245,0.66,0.17,0.17
1246,0.54,0.15,0.32
1247,0.65,0.11,0.24
1248,0.67,0,0.33
1249,0.5,0.13,0.37
1250,0.64,0.1,0.26
1251,0.62,0.07,0.31
1252,0.84,0.08,0.08
1253,0.77,0.05,0.18
1254,0.78,0.08,0.13
1255,0.57,0,0.43
1256,0.55,0.11,0.34
1257,0.9,0.1,0
1258,0.58,0.17,0.25
1259,0.83,0.06,0.11
1260,0.86,0.06,0.09
1261,0.27,0.23,0.49
1262,0.66,0.17,0.17
1263,0.54,0.15,0.32
1264,0.65,0.11,0.24
1265,0.67,0,0.33
1266,0.5,0.13,0.37
1267,0.64,0.1,0.26
1268,0.62,0.07,0.31
1269,0.84,0.08,0.08
1270,0.91,0,0.09
1271,0.54,0.11,0.35
1272,0.78,0.08,0.13
1273,0.55,0.11,0.34
1274,0.9,0.1,0
1275,0.58,0.17,0.25
1276,0.66,0.13,0.21
1277,0.64,0.16,0.21
1278,0.87,0.07,0.07
1279,0.73,0,0.27
1280,0.69,0.2,0.11
1281,0.73,0.09,0.19
1282,0,0,1
1283,0.62,0.11,0.27
1284,0.83,0.06,0.11
1285,0.27,0.23,0.49
1286,0.66,0.17,0.17
1287,0.54,0.15,0.32
1288,0.65,0.11,0.24
1289,0.67,0,0.33
1290,0.5,0.13,0.37
1291,0.64,0.1,0.26
1292,0.62,0.07,0.31
1293,0.84,0.08,0.08
1294,0.91,0,0.09
1295,0.77,0.05,0.18
1296,0.54,0.11,0.35
1297,0.78,0.08,0.13
1298,0.57,0,0.43
1299,0.55,0.11,0.34
1300,0.9,0.1,0
1301,0.58,0.17,0.25
1302,0.66,0.13,0.21
1303,0.64,0.16,0.21
1304,0.87,0.07,0.07
1305,0.73,0,0.27
1306,0.69,0.2,0.11
1307,0.73,0.09,0.19
1308,0,0,1
1309,0.62,0.11,0.27
1310,0.86,0.06,0.09
1311,0.27,0.23,0.49
1312,0.54,0.15,0.32
1313,0.65,0.11,0.24
1314,0.5,0.13,0.37
1315,0.64,0.1,0.26
1316,0.84,0.08,0.08
1317,0.91,0,0.09
1318,0.77,0.05,0.18
1319,0.54,0.11,0.35
1320,0.78,0.08,0.13
1321,0.57,0,0.43
1322,0.55,0.11,0.34
1323,0.9,0.1,0
1324,0.58,0.17,0.25
1325,0.66,0.13,0.21
1326,0.64,0.16,0.21
1327,0.87,0.07,0.07
1328,0.69,0.2,0.11
1329,0.73,0.09,0.19
1330,0,0,1
1331,0.62,0.11,0.27
1332,0.83,0.06,0.11
1333,0.86,0.06,0.09
1334,0.27,0.23,0.49
1335,0.66,0.17,0.17
1336,0.54,0.15,0.32
1337,0.65,0.11,0.24
1338,0.67,0,0.33
1339,0.5,0.13,0.37
1340,0.64,0.1,0.26
1341,0.62,0.07,0.31
1342,0.84,0.08,0.08
1343,0.91,0,0.09
1344,0.77,0.05,0.18
1345,0.54,0.11,0.35
1346,0.78,0.08,0.13
1347,0.57,0,0.43
1348,0.55,0.11,0.34
1349,0.9,0.1,0
1350,0.58,0.17,0.25
1351,0.83,0.06,0.11
1352,0.86,0.06,0.09
1353,0.27,0.23,0.49
1354,0.54,0.15,0.32
1355,0.65,0.11,0.24
1356,0.67,0,0.33
1357,0.5,0.13,0.37
1358,0.64,0.1,0.26
1359,0.84,0.08,0.08
1360,0.77,0.05,0.18
1361,0.54,0.11,0.35
1362,0.78,0.08,0.13
1363,0.57,0,0.43
1364,0.9,0.1,0
1365,0.58,0.17,0.25
1366,0.66,0.13,0.21
1367,0.64,0.16,0.21
1368,0.87,0.07,0.07
1369,0.73,0,0.27
1370,0.69,0.2,0.11
1371,0.73,0.09,0.19
1372,0,0,1
1373,0.62,0.11,0.27
1374,0.83,0.06,0.11
1375,0.86,0.06,0.09
1376,0.66,0.17,0.17
1377,0.54,0.15,0.32
1378,0.65,0.11,0.24
1379,0.67,0,0.33
1380,0.5,0.13,0.37
1381,0.64,0.1,0.26
1382,0.62,0.07,0.31
1383,0.91,0,0.09
1384,0.77,0.05,0.18
1385,0.54,0.11,0.35
1386,0.78,0.08,0.13
1387,0.57,0,0.43
1388,0.55,0.11,0.34
1389,0.9,0.1,0
1390,0.58,0.17,0.25
1391,0.66,0.13,0.21
1392,0.64,0.16,0.21
1393,0.87,0.07,0.07
1394,0.73,0,0.27
1395,0.69,0.2,0.11
1396,0.73,0.09,0.19
1397,0,0,1
1398,0.62,0.11,0.27
1399,0.83,0.06,0.11
1400,0.86,0.06,0.09
1401,0.27,0.23,0.49
1402,0.54,0.15,0.32
1403,0.65,0.11,0.24
1404,0.67,0,0.33
1405,0.5,0.13,0.37
1406,0.64,0.1,0.26
1407,0.62,0.07,0.31
1408,0.84,0.08,0.08
1409,0.91,0,0.09
1410,0.54,0.11,0.35
1411,0.78,0.08,0.13
1412,0.57,0,0.43
1413,0.9,0.1,0
1414,0.58,0.17,0.25
1415,0.66,0.13,0.21
1416,0.64,0.16,0.21
1417,0.87,0.07,0.07
1418,0.73,0,0.27
1419,0.69,0.2,0.11
1420,0.73,0.09,0.19
1421,0,0,1
1422,0.62,0.11,0.27
1423,0.83,0.06,0.11
1424,0.86,0.06,0.09
1425,0.27,0.23,0.49
1426,0.66,0.17,0.17
1427,0.54,0.15,0.32
1428,0.65,0.11,0.24
1429,0.67,0,0.33
1430,0.5,0.13,0.37
1431,0.64,0.1,0.26
1432,0.84,0.08,0.08
1433,0.91,0,0.09
1434,0.77,0.05,0.18
1435,0.54,0.11,0.35
1436,0.78,0.08,0.13
1437,0.57,0,0.43
1438,0.55,0.11,0.34
1439,0.9,0.1,0
1440,0.58,0.17,0.25
1441,0.83,0.06,0.11
1442,0.86,0.06,0.09
1443,0.27,0.23,0.49
1444,0.54,0.15,0.32
1445,0.65,0.11,0.24
1446,0.67,0,0.33
1447,0.5,0.13,0.37
1448,0.64,0.1,0.26
1449,0.62,0.07,0.31
1450,0.84,0.08,0.08
1451,0.91,0,0.09
1452,0.77,0.05,0.18
1453,0.54,0.11,0.35
1454,0.78,0.08,0.13
1455,0.57,0,0.43
1456,0.55,0.11,0.34
1457,0.9,0.1,0
1458,0.58,0.17,0.25
1459,0.66,0.13,0.21
1460,0.64,0.16,0.21
1461,0.87,0.07,0.07
1462,0.73,0,0.27
1463,0.69,0.2,0.11
1464,0,0,1
1465,0.83,0.06,0.11
1466,0.86,0.06,0.09
1467,0.66,0.17,0.17
1468,0.54,0.15,0.32
1469,0.65,0.11,0.24
1470,0.67,0,0.33
1471,0.5,0.13,0.37
1472,0.64,0.1,0.26
1473,0.62,0.07,0.31
1474,0.84,0.08,0.08
1475,0.91,0,0.09
1476,0.77,0.05,0.18
1477,0.54,0.11,0.35
1478,0.78,0.08,0.13
1479,0.57,0,0.43
1480,0.55,0.11,0.34
1481,0.9,0.1,0
1482,0.58,0.17,0.25
1483,0.66,0.13,0.21
1484,0.87,0.07,0.07
1485,0.73,0,0.27
1486,0.69,0.2,0.11
1487,0.73,0.09,0.19
1488,0,0,1
1489,0.62,0.11,0.27
1490,0.83,0.06,0.11
1491,0.27,0.23,0.49
1492,0.66,0.17,0.17
1493,0.54,0.15,0.32
1494,0.65,0.11,0.24
1495,0.5,0.13,0.37
1496,0.64,0.1,0.26
1497,0.62,0.07,0.31
1498,0.84,0.08,0.08
1499,0.91,0,0.09
1500,0.77,0.05,0.18
1501,0.54,0.11,0.35
1502,0.78,0.08,0.13
1503,0.57,0,0.43
1504,0.55,0.11,0.34
1505,0.9,0.1,0
1506,0.58,0.17,0.25
1507,0.66,0.13,0.21
1508,0.64,0.16,0.21
1509,0.87,0.07,0.07
1510,0.73,0,0.27
1511,0.69,0.2,0.11
1512,0.73,0.09,0.19
1513,0,0,1
1514,0.62,0.11,0.27
1515,0.83,0.06,0.11
1516,0.86,0.06,0.09
1517,0.27,0.23,0.49
1518,0.66,0.17,0.17
1519,0.54,0.15,0.32
1520,0.67,0,0.33
1521,0.5,0.13,0.37
1522,0.64,0.1,0.26
1523,0.84,0.08,0.08
1524,0.91,0,0.09
1525,0.77,0.05,0.18
1526,0.54,0.11,0.35
1527,0.78,0.08,0.13
1528,0.57,0,0.43
1529,0.55,0.11,0.34
1530,0.9,0.1,0
1531,0.58,0.17,0.25
1532,0.83,0.06,0.11
1533,0.86,0.06,0.09
1534,0.27,0.23,0.49
1535,0.54,0.15,0.32
1536,0.65,0.11,0.24
1537,0.67,0,0.33
1538,0.5,0.13,0.37
1539,0.64,0.1,0.26
1540,0.62,0.07,0.31
1541,0.84,0.08,0.08
1542,0.91,0,0.09
1543,0.77,0.05,0.18
1544,0.54,0.11,0.35
1545,0.78,0.08,0.13
1546,0.57,0,0.43
1547,0.55,0.11,0.34
1548,0.9,0.1,0
1549,0.58,0.17,0.25
1550,0.66,0.13,0.21
1551,0.87,0.07,0.07
1552,0.73,0,0.27
1553,0.69,0.2,0.11
1554,0.73,0.09,0.19
1555,0,0,1
1556,0.62,0.11,0.27
1557,0.83,0.06,0.11
1558,0.66,0.17,0.17
1559,0.54,0.15,0.32
1560,0.65,0.11,0.24
1561,0.67,0,0.33
1562,0.5,0.13,0.37
1563,0.64,0.1,0.26
1564,0.62,0.07,0.31
1565,0.84,0.08,0.08
1566,0.91,0,0.09
1567,0.54,0.11,0.35
1568,0.57,0,0.43
1569,0.55,0.11,0.34
1570,0.9,0.1,0
1571,0.58,0.17,0.25
1572,0.66,0.13,0.21
1573,0.64,0.16,0.21
1574,0.87,0.07,0.07
1575,0.73,0,0.27
1576,0.69,0.2,0.11
1577,0.73,0.09,0.19
1578,0,0,1
1579,0.62,0.11,0.27
1580,0.83,0.06,0.11
1581,0.86,0.06,0.09
1582,0.27,0.23,0.49
1583,0.66,0.17,0.17
1584,0.54,0.15,0.32
1585,0.65,0.11,0.24
1586,0.67,0,0.33
1587,0.5,0.13,0.37
1588,0.64,0.1,0.26
1589,0.62,0.07,0.31
1590,0.84,0.08,0.08
1591,0.91,0,0.09
1592,0.77,0.05,0.18
1593,0.54,0.11,0.35
1594,0.78,0.08,0.13
1595,0.57,0,0.43
1596,0.55,0.11,0.34
1597,0.9,0.1,0
1598,0.58,0.17,0.25
1599,0.66,0.13,0.21
1600,0.64,0.16,0.21
1601,0.87,0.07,0.07
1602,0.73,0,0.27
1603,0.69,0.2,0.11
1604,0.73,0.09,0.19
1605,0,0,1
1606,0.62,0.11,0.27
1607,0.83,0.06,0.11
1608,0.27,0.23,0.49
1609,0.66,0.17,0.17
1610,0.54,0.15,0.32
1611,0.65,0.11,0.24
1612,0.67,0,0.33
1613,0.5,0.13,0.37
1614,0.62,0.07,0.31
1615,0.84,0.08,0.08
1616,0.77,0.05,0.18
1617,0.54,0.11,0.35
1618,0.78,0.08,0.13
1619,0.57,0,0.43
1620,0.55,0.11,0.34
1621,0.9,0.1,0
1622,0.58,0.17,0.25
1623,0.83,0.06,0.11
1624,0.86,0.06,0.09
1625,0.27,0.23,0.49
1626,0.66,0.17,0.17
1627,0.54,0.15,0.32
1628,0.65,0.11,0.24
1629,0.67,0,0.33
1630,0.5,0.13,0.37
1631,0.64,0.1,0.26
1632,0.62,0.07,0.31
1633,0.84,0.08,0.08
1634,0.91,0,0.09
1635,0.77,0.05,0.18
1636,0.54,0.11,0.35
1637,0.78,0.08,0.13
1638,0.57,0,0.43
1639,0.55,0.11,0.34
1640,0.9,0.1,0
1641,0.58,0.17,0.25
1642,0.66,0.13,0.21
1643,0.64,0.16,0.21
1644,0.87,0.07,0.07
1645,0.73,0,0.27
1646,0.69,0.2,0.11
1647,0.73,0.09,0.19
1648,0,0,1
1649,0.83,0.06,0.11
1650,0.86,0.06,0.09
1651,0.66,0.17,0.17
1652,0.54,0.15,0.32
1653,0.65,0.11,0.24
1654,0.67,0,0.33
1655,0.5,0.13,0.37
1656,0.64,0.1,0.26
1657,0.62,0.07,0.31
1658,0.84,0.08,0.08
1659,0.91,0,0.09
1660,0.77,0.05,0.18
1661,0.54,0.11,0.35
1662,0.78,0.08,0.13
1663,0.57,0,0.43
1664,0.55,0.11,0.34
1665,0.9,0.1,0
1666,0.58,0.17,0.25
1667,0.66,0.13,0.21
1668,0.64,0.16,0.21
1669,0.87,0.07,0.07
1670,0.73,0,0.27
1671,0.69,0.2,0.11
1672,0.73,0.09,0.19
1673,0,0,1
1674,0.62,0.11,0.27
1675,0.83,0.06,0.11
1676,0.86,0.06,0.09
1677,0.27,0.23,0.49
1678,0.66,0.17,0.17
1679,0.54,0.15,0.32
1680,0.65,0.11,0.24
1681,0.67,0,0.33
1682,0.5,0.13,0.37
1683,0.64,0.1,0.26
1684,0.62,0.07,0.31
1685,0.77,0.05,0.18
1686,0.54,0.11,0.35
1687,0.57,0,0.43
1688,0.55,0.11,0.34
1689,0.9,0.1,0
1690,0.58,0.17,0.25
1691,0.66,0.13,0.21
1692,0.64,0.16,0.21
1693,0.73,0,0.27
1694,0.69,0.2,0.11
1695,0.73,0.09,0.19
1696,0,0,1
1697,0.62,0.11,0.27
1698,0.83,0.06,0.11
1699,0.86,0.06,0.09
1700,0.27,0.23,0.49
1701,0.66,0.17,0.17
1702,0.54,0.15,0.32
1703,0.65,0.11,0.24
1704,0.67,0,0.33
1705,0.5,0.13,0.37
1706,0.64,0.1,0.26
1707,0.62,0.07,0.31
1708,0.84,0.08,0.08
1709,0.91,0,0.09
1710,0.77,0.05,0.18
1711,0.54,0.11,0.35
1712,0.78,0.08,0.13
1713,0.55,0.11,0.34
1714,0.9,0.1,0
1715,0.58,0.17,0.25
1716,0.83,0.06,0.11
1717,0.86,0.06,0.09
1718,0.27,0.23,0.49
1719,0.66,0.17,0.17
1720,0.54,0.15,0.32
1721,0.65,0.11,0.24
1722,0.67,0,0.33
1723,0.5,0.13,0.37
1724,0.64,0.1,0.26
1725,0.62,0.07,0.31
1726,0.84,0.08,0.08
1727,0.91,0,0.09
1728,0.77,0.05,0.18
1729,0.54,0.11,0.35
1730,0.78,0.08,0.13
1731,0.57,0,0.43
1732,0.55,0.11,0.34
1733,0.58,0.17,0.25
1734,0.66,0.13,0.21
1735,0.64,0.16,0.21
1736,0.87,0.07,0.07
1737,0.73,0,0.27
1738,0.69,0.2,0.11
1739,0.73,0.09,0.19
1740,0,0,1
1741,0.62,0.11,0.27
1742,0.83,0.06,0.11
1743,0.86,0.06,0.09
1744,0.27,0.23,0.49
1745,0.66,0.17,0.17
1746,0.54,0.15,0.32
1747,0.65,0.11,0.24
1748,0.67,0,0.33
1749,0.5,0.13,0.37
1750,0.64,0.1,0.26
1751,0.62,0.07,0.31
1752,0.84,0.08,0.08
1753,0.91,0,0.09
1754,0.77,0.05,0.18
1755,0.54,0.11,0.35
1756,0.78,0.08,0.13
1757,0.55,0.11,0.34
1758,0.9,0.1,0
1759,0.58,0.17,0.25
1760,0.66,0.13,0.21
1761,0.64,0.16,0.21
1762,0.87,0.07,0.07
1763,0.73,0,0.27
1764,0.69,0.2,0.11
1765,0.73,0.09,0.19
1766,0,0,1
1767,0.62,0.11,0.27
1768,0.83,0.06,0.11
1769,0.86,0.06,0.09
1770,0.27,0.23,0.49
1771,0.66,0.17,0.17
1772,0.54,0.15,0.32
1773,0.65,0.11,0.24
1774,0.67,0,0.33
1775,0.5,0.13,0.37
1776,0.64,0.1,0.26
1777,0.62,0.07,0.31
1778,0.84,0.08,0.08
1779,0.77,0.05,0.18
1780,0.78,0.08,0.13
1781,0.57,0,0.43
1782,0.55,0.11,0.34
1783,0.9,0.1,0
1784,0.58,0.17,0.25
1785,0.66,0.13,0.21
1786,0.64,0.16,0.21
1787,0.87,0.07,0.07
1788,0.73,0,0.27
1789,0.69,0.2,0.11
1790,0.73,0.09,0.19
1791,0,0,1
1792,0.62,0.11,0.27
1793,0.83,0.06,0.11
1794,0.86,0.06,0.09
1795,0.27,0.23,0.49
1796,0.54,0.15,0.32
1797,0.65,0.11,0.24
1798,0.5,0.13,0.37
1799,0.64,0.1,0.26
1800,0.84,0.08,0.08
1801,0.91,0,0.09
1802,0.54,0.11,0.35
1803,0.78,0.08,0.13
1804,0.57,0,0.43
1805,0.55,0.11,0.34
1806,0.9,0.1,0
1807,0.58,0.17,0.25
1808,0.83,0.06,0.11
1809,0.86,0.06,0.09
1810,0.27,0.23,0.49
1811,0.66,0.17,0.17
1812,0.54,0.15,0.32
1813,0.65,0.11,0.24
1814,0.67,0,0.33
1815,0.5,0.13,0.37
1816,0.64,0.1,0.26
1817,0.62,0.07,0.31
1818,0.84,0.08,0.08
1819,0.91,0,0.09
1820,0.77,0.05,0.18
1821,0.54,0.11,0.35
1822,0.57,0,0.43
1823,0.55,0.11,0.34
1824,0.9,0.1,0
1825,0.58,0.17,0.25
1826,0.66,0.13,0.21
1827,0.64,0.16,0.21
1828,0.87,0.07,0.07
1829,0.73,0,0.27
1830,0.69,0.2,0.11
1831,0.73,0.09,0.19
1832,0,0,1
1833,0.62,0.11,0.27
1834,0.86,0.06,0.09
1835,0.27,0.23,0.49
1836,0.54,0.15,0.32
1837,0.65,0.11,0.24
1838,0.67,0,0.33
1839,0.5,0.13,0.37
1840,0.64,0.1,0.26
1841,0.62,0.07,0.31
1842,0.91,0,0.09
1843,0.54,0.11,0.35
1844,0.78,0.08,0.13
1845,0.57,0,0.43
1846,0.55,0.11,0.34
1847,0.9,0.1,0
1848,0.58,0.17,0.25
1849,0.66,0.13,0.21
1850,0.64,0.16,0.21
1851,0.87,0.07,0.07
1852,0.73,0,0.27
1853,0.69,0.2,0.11
1854,0.73,0.09,0.19
1855,0,0,1
1856,0.62,0.11,0.27
1857,0.86,0.06,0.09
1858,0.27,0.23,0.49
1859,0.54,0.15,0.32
1860,0.65,0.11,0.24
1861,0.67,0,0.33
1862,0.5,0.13,0.37
1863,0.64,0.1,0.26
1864,0.62,0.07,0.31
1865,0.91,0,0.09
1866,0.54,0.11,0.35
1867,0.78,0.08,0.13
1868,0.57,0,0.43
1869,0.55,0.11,0.34
1870,0.9,0.1,0
1871,0.58,0.17,0.25
1872,0.66,0.13,0.21
1873,0.64,0.16,0.21
1874,0.87,0.07,0.07
1875,0.73,0,0.27
1876,0.69,0.2,0.11
1877,0.73,0.09,0.19
1878,0,0,1
1879,0.83,0.06,0.11
1880,0.86,0.06,0.09
1881,0.27,0.23,0.49
1882,0.66,0.17,0.17
1883,0.54,0.15,0.32
1884,0.65,0.11,0.24
1885,0.67,0,0.33
1886,0.5,0.13,0.37
1887,0.64,0.1,0.26
1888,0.62,0.07,0.31
1889,0.84,0.08,0.08
1890,0.91,0,0.09
1891,0.77,0.05,0.18
1892,0.54,0.11,0.35
1893,0.78,0.08,0.13
1894,0.57,0,0.43
1895,0.55,0.11,0.34
1896,0.9,0.1,0
1897,0.58,0.17,0.25
1898,0.58,0.17,0.25
1899,0.58,0.17,0.25
1900,0.58,0.17,0.25
1901,0.58,0.17,0.25
1902,0.58,0.17,0.25
1903,0.58,0.17,0.25
1904,0.58,0.17,0.25
1905,0.58,0.17,0.25
1906,0.58,0.17,0.25
1907,0.58,0.17,0.25
1908,0.58,0.17,0.25
1909,0.58,0.17,0.25
1910,0.58,0.17,0.25
1911,0.58,0.17,0.25
1912,0.58,0.17,0.25
1913,0.58,0.17,0.25
1914,0.58,0.17,0.25
1915,0.58,0.17,0.25
1916,0.58,0.17,0.25
1917,0.58,0.17,0.25
1918,0.58,0.17,0.25
1919,0.58,0.17,0.25
1920,0.58,0.17,0.25
1921,0.58,0.17,0.25
1922,0.58,0.17,0.25
1923,0.58,0.17,0.25
1924,0.58,0.17,0.25
1925,0.58,0.17,0.25
1926,0.58,0.17,0.25
1927,0.58,0.17,0.25
1928,0.58,0.17,0.25
1929,0.58,0.17,0.25
1930,0.58,0.17,0.25
1931,0.58,0.17,0.25
1932,0.58,0.17,0.25
1933,0.58,0.17,0.25
1934,0.58,0.17,0.25
1935,0.58,0.17,0.25
1936,0.58,0.17,0.25
1937,0.58,0.17,0.25
1938,0.58,0.17,0.25
1939,0.58,0.17,0.25
1940,0.58,0.17,0.25
1941,0.58,0.17,0.25
1942,0.58,0.17,0.25
1943,0.58,0.17,0.25
1944,0.58,0.17,0.25
1945,0.58,0.17,0.25
1946,0.58,0.17,0.25
1947,0.58,0.17,0.25
1948,0.58,0.17,0.25
1949,0.58,0.17,0.25
1950,0.58,0.17,0.25
1951,0.58,0.17,0.25
1952,0.58,0.17,0.25
1953,0.58,0.17,0.25
1954,0.58,0.17,0.25
1955,0.58,0.17,0.25
1956,0.58,0.17,0.25
1957,0.58,0.17,0.25
1958,0.58,0.17,0.25
1959,0.58,0.17,0.25
1960,0.58,0.17,0.25
1961,0.58,0.17,0.25
1962,0.58,0.17,0.25
1963,0.58,0.17,0.25
1964,0.58,0.17,0.25
1965,0.58,0.17,0.25
1966,0.58,0.17,0.25
1967,0.58,0.17,0.25
1968,0.58,0.17,0.25
1969,0.58,0.17,0.25
1970,0.58,0.17,0.25
1971,0.58,0.17,0.25
1972,0.58,0.17,0.25
1973,0.58,0.17,0.25
1974,0.58,0.17,0.25
1975,0.58,0.17,0.25
1976,0.58,0.17,0.25
1977,0.58,0.17,0.25
1978,0.58,0.17,0.25
1979,0.58,0.17,0.25
1980,0.58,0.17,0.25
1981,0.58,0.17,0.25
1982,0.58,0.17,0.25
1983,0.58,0.17,0.25
1984,0.58,0.17,0.25
1985,0.58,0.17,0.25
1986,0.58,0.17,0.25
1987,0.58,0.17,0.25
1988,0.58,0.17,0.25
1989,0.58,0.17,0.25
1990,0.58,0.17,0.25
1991,0.58,0.17,0.25
1992,0.58,0.17,0.25
1993,0.58,0.17,0.25
1994,0.58,0.17,0.25
1995,0.58,0.17,0.25
1996,0.58,0.17,0.25
1997,0.58,0.17,0.25
1998,0.58,0.17,0.25
1999,0.58,0.17,0.25
2000,0.58,0.17,0.25
2001,0.58,0.17,0.25
2002,0.58,0.17,0.25
2003,0.58,0.17,0.25
2004,0.58,0.17,0.25
2005,0.58,0.17,0.25
2006,0.58,0.17,0.25
2007,0.58,0.17,0.25
2008,0.58,0.17,0.25
2009,0.58,0.17,0.25
2010,0.58,0.17,0.25
2011,0.58,0.17,0.25
2012,0.58,0.17,0.25
2013,0.58,0.17,0.25
2014,0.58,0.17,0.25
2015,0.58,0.17,0.25
2016,0.58,0.17,0.25
2017,0.58,0.17,0.25
2018,0.58,0.17,0.25
2019,0.58,0.17,0.25
2020,0.58,0.17,0.25
2021,0.58,0.17,0.25
2022,0.58,0.17,0.25
2023,0.58,0.17,0.25
2024,0.58,0.17,0.25
2025,0.58,0.17,0.25
2026,0.58,0.17,0.25
2027,0.58,0.17,0.25
2028,0.58,0.17,0.25
2029,0.58,0.17,0.25
2030,0.58,0.17,0.25
2031,0.58,0.17,0.25
2032,0.58,0.17,0.25
2033,0.58,0.17,0.25
2034,0.58,0.17,0.25
2035,0.58,0.17,0.25
2036,0.58,0.17,0.25
2037,0.58,0.17,0.25
2038,0.58,0.17,0.25
2039,0.58,0.17,0.25
2040,0.58,0.17,0.25
2041,0.58,0.17,0.25
2042,0.58,0.17,0.25
2043,0.58,0.17,0.25
2044,0.58,0.17,0.25
2045,0.58,0.17,0.25
2046,0.58,0.17,0.25
2047,0.58,0.17,0.25
2048,0.58,0.17,0.25
2049,0.58,0.17,0.25
2050,0.58,0.17,0.25
2051,0.58,0.17,0.25
2052,0.58,0.17,0.25
2053,0.58,0.17,0.25
2054,0.58,0.17,0.25
2055,0.58,0.17,0.25
2056,0.58,0.17,0.25
2057,0.58,0.17,0.25
2058,0.58,0.17,0.25
2059,0.58,0.17,0.25
2060,0.58,0.17,0.25
2061,0.58,0.17,0.25
2062,0.58,0.17,0.25
2063,0.58,0.17,0.25
2064,0.58,0.17,0.25
2065,0.58,0.17,0.25
2066,0.58,0.17,0.25
2067,0.58,0.17,0.25
2068,0.58,0.17,0.25
2069,0.58,0.17,0.25
2070,0.58,0.17,0.25
2071,0.58,0.17,0.25
2072,0.58,0.17,0.25
2073,0.58,0.17,0.25
2074,0.58,0.17,0.25
2075,0.58,0.17,0.25
2076,0.58,0.17,0.25
2077,0.58,0.17,0.25
2078,0.58,0.17,0.25
2079,0.58,0.17,0.25
2080,0.58,0.17,0.25
2081,0.58,0.17,0.25
2082,0.58,0.17,0.25
2083,0.58,0.17,0.25
2084,0.58,0.17,0.25
2085,0.58,0.17,0.25
2086,0.58,0.17,0.25
2087,0.58,0.17,0.25
2088,0.58,0.17,0.25
2089,0.58,0.17,0.25
2090,0.58,0.17,0.25
2091,0.58,0.17,0.25
2092,0.58,0.17,0.25
2093,0.58,0.17,0.25
2094,0.58,0.17,0.25
2095,0.58,0.17,0.25
2096,0.58,0.17,0.25
2097,0.58,0.17,0.25
2098,0.58,0.17,0.25
2099,0.58,0.17,0.25
2100,0.58,0.17,0.25
2101,0.58,0.17,0.25
2102,0.58,0.17,0.25
2103,0.58,0.17,0.25
2104,0.58,0.17,0.25
2105,0.58,0.17,0.25
2106,0.58,0.17,0.25
2107,0.58,0.17,0.25
2108,0.58,0.17,0.25
2109,0.58,0.17,0.25
2110,0.58,0.17,0.25
2111,0.58,0.17,0.25
2112,0.58,0.17,0.25
2113,0.58,0.17,0.25
2114,0.58,0.17,0.25
2115,0.58,0.17,0.25
2116,0.58,0.17,0.25
2117,0.58,0.17,0.25
2118,0.58,0.17,0.25
2119,0.58,0.17,0.25
2120,0.58,0.17,0.25
2121,0.58,0.17,0.25
2122,0.58,0.17,0.25
2123,0.58,0.17,0.25
2124,0.58,0.17,0.25
2125,0.58,0.17,0.25
2126,0.58,0.17,0.25
2127,0.58,0.17,0.25
2128,0.58,0.17,0.25
2129,0.58,0.17,0.25
2130,0.58,0.17,0.25
2131,0.58,0.17,0.25
2132,0.58,0.17,0.25
2133,0.58,0.17,0.25
2134,0.58,0.17,0.25
2135,0.58,0.17,0.25
2136,0.58,0.17,0.25
2137,0.58,0.17,0.25
2138,0.58,0.17,0.25
2139,0.58,0.17,0.25
2140,0.58,0.17,0.25
2141,0.58,0.17,0.25
2142,0.58,0.17,0.25
2143,0.58,0.17,0.25
2144,0.58,0.17,0.25
2145,0.58,0.17,0.25
2146,0.58,0.17,0.25
2147,0.58,0.17,0.25
2148,0.58,0.17,0.25
2149,0.58,0.17,0.25
2150,0.58,0.17,0.25
2151,0.58,0.17,0.25
2152,0.58,0.17,0.25
2153,0.58,0.17,0.25
2154,0.58,0.17,0.25
2155,0.58,0.17,0.25
2156,0.58,0.17,0.25
2157,0.58,0.17,0.25
2158,0.58,0.17,0.25
2159,0.58,0.17,0.25
2160,0.58,0.17,0.25
2161,0.58,0.17,0.25
2162,0.58,0.17,0.25
2163,0.58,0.17,0.25
2164,0.58,0.17,0.25
2165,0.58,0.17,0.25
2166,0.58,0.17,0.25
2167,0.58,0.17,0.25
2168,0.58,0.17,0.25
2169,0.58,0.17,0.25
2170,0.58,0.17,0.25
2171,0.58,0.17,0.25
2172,0.58,0.17,0.25
2173,0.58,0.17,0.25
2174,0.58,0.17,0.25
2175,0.58,0.17,0.25
2176,0.58,0.17,0.25
2177,0.58,0.17,0.25
2178,0.58,0.17,0.25
2179,0.58,0.17,0.25
2180,0.58,0.17,0.25
2181,0.58,0.17,0.25
2182,0.58,0.17,0.25
2183,0.58,0.17,0.25
2184,0.58,0.17,0.25
2185,0.58,0.17,0.25
2186,0.58,0.17,0.25
2187,0.58,0.17,0.25
2188,0.58,0.17,0.25
2189,0.58,0.17,0.25
2190,0.58,0.17,0.25
2191,0.58,0.17,0.25
2192,0.58,0.17,0.25
2193,0.58,0.17,0.25
2194,0.58,0.17,0.25
2195,0.58,0.17,0.25
2196,0.58,0.17,0.25
2197,0.58,0.17,0.25
2198,0.58,0.17,0.25
2199,0.58,0.17,0.25
2200,0.58,0.17,0.25
2201,0.58,0.17,0.25
2202,0.58,0.17,0.25
2203,0.58,0.17,0.25
2204,0.58,0.17,0.25
2205,0.58,0.17,0.25
2206,0.58,0.17,0.25
2207,0.58,0.17,0.25
2208,0.58,0.17,0.25
2209,0.58,0.17,0.25
2210,0.58,0.17,0.25
2211,0.58,0.17,0.25
2212,0.58,0.17,0.25
2213,0.58,0.17,0.25
2214,0.58,0.17,0.25
2215,0.58,0.17,0.25
2216,0.58,0.17,0.25
2217,0.58,0.17,0.25
2218,0.58,0.17,0.25
2219,0.58,0.17,0.25
2220,0.58,0.17,0.25
2221,0.58,0.17,0.25
2222,0.58,0.17,0.25
2223,0.58,0.17,0.25
2224,0.58,0.17,0.25
2225,0.58,0.17,0.25
2226,0.58,0.17,0.25
2227,0.58,0.17,0.25
2228,0.58,0.17,0.25
2229,0.58,0.17,0.25
2230,0.58,0.17,0.25
2231,0.58,0.17,0.25
2232,0.58,0.17,0.25
2233,0.58,0.17,0.25
2234,0.58,0.17,0.25
2235,0.58,0.17,0.25
2236,0.58,0.17,0.25
2237,0.58,0.17,0.25
2238,0.58,0.17,0.25
2239,0.58,0.17,0.25
2240,0.58,0.17,0.25
2241,0.58,0.17,0.25
2242,0.58,0.17,0.25
2243,0.58,0.17,0.25
2244,0.58,0.17,0.25
2245,0.58,0.17,0.25
2246,0.58,0.17,0.25
2247,0.58,0.17,0.25
2248,0.58,0.17,0.25
2249,0.58,0.17,0.25
2250,0.58,0.17,0.25
2251,0.58,0.17,0.25
2252,0.58,0.17,0.25
2253,0.58,0.17,0.25
2254,0.58,0.17,0.25
2255,0.58,0.17,0.25
2256,0.58,0.17,0.25
2257,0.58,0.17,0.25
2258,0.58,0.17,0.25
2259,0.58,0.17,0.25
2260,0.58,0.17,0.25
2261,0.58,0.17,0.25
2262,0.58,0.17,0.25
2263,0.58,0.17,0.25
2264,0.58,0.17,0.25
2265,0.58,0.17,0.25
2266,0.58,0.17,0.25
2267,0.58,0.17,0.25
2268,0.58,0.17,0.25
2269,0.58,0.17,0.25
2270,0.58,0.17,0.25
2271,0.58,0.17,0.25
2272,0.58,0.17,0.25
2273,0.58,0.17,0.25
2274,0.58,0.17,0.25
2275,0.58,0.17,0.25
2276,0.58,0.17,0.25
2277,0.58,0.17,0.25
2278,0.58,0.17,0.25
2279,0.58,0.17,0.25
2280,0.58,0.17,0.25
2281,0.58,0.17,0.25
2282,0.58,0.17,0.25
2283,0.58,0.17,0.25
2284,0.58,0.17,0.25
2285,0.58,0.17,0.25
2286,0.58,0.17,0.25
2287,0.58,0.17,0.25
2288,0.58,0.17,0.25
2289,0.58,0.17,0.25
2290,0.58,0.17,0.25
2291,0.58,0.17,0.25
2292,0.58,0.17,0.25
2293,0.58,0.17,0.25
2294,0.58,0.17,0.25
2295,0.58,0.17,0.25
2296,0.58,0.17,0.25
2297,0.58,0.17,0.25
2298,0.58,0.17,0.25
2299,0.58,0.17,0.25
2300,0.58,0.17,0.25
2301,0.58,0.17,0.25
2302,0.58,0.17,0.25
2303,0.58,0.17,0.25
2304,0.58,0.17,0.25
2305,0.58,0.17,0.25
2306,0.58,0.17,0.25
2307,0.58,0.17,0.25
2308,0.58,0.17,0.25
2309,0.58,0.17,0.25
2310,0.58,0.17,0.25
2311,0.58,0.17,0.25
2312,0.58,0.17,0.25
2313,0.58,0.17,0.25
2314,0.58,0.17,0.25
2315,0.58,0.17,0.25
2316,0.58,0.17,0.25
2317,0.58,0.17,0.25
2318,0.58,0.17,0.25
2319,0.58,0.17,0.25
2320,0.58,0.17,0.25
2321,0.58,0.17,0.25
2322,0.58,0.17,0.25
2323,0.58,0.17,0.25
2324,0.58,0.17,0.25
2325,0.58,0.17,0.25
2326,0.58,0.17,0.25
2327,0.58,0.17,0.25
2328,0.58,0.17,0.25
2329,0.58,0.17,0.25
2330,0.58,0.17,0.25
2331,0.58,0.17,0.25
2332,0.58,0.17,0.25
2333,0.58,0.17,0.25
2334,0.58,0.17,0.25
2335,0.58,0.17,0.25
2336,0.58,0.17,0.25
2337,0.58,0.17,0.25
2338,0.58,0.17,0.25
2339,0.58,0.17,0.25
2340,0.58,0.17,0.25
2341,0.58,0.17,0.25
2342,0.58,0.17,0.25
2343,0.58,0.17,0.25
2344,0.58,0.17,0.25
2345,0.58,0.17,0.25
2346,0.58,0.17,0.25
2347,0.58,0.17,0.25
2348,0.58,0.17,0.25
2349,0.58,0.17,0.25
2350,0.58,0.17,0.25
2351,0.58,0.17,0.25
2352,0.58,0.17,0.25
2353,0.58,0.17,0.25
2354,0.58,0.17,0.25
2355,0.58,0.17,0.25
2356,0.58,0.17,0.25
2357,0.58,0.17,0.25
2358,0.58,0.17,0.25
2359,0.58,0.17,0.25
2360,0.58,0.17,0.25
2361,0.58,0.17,0.25
2362,0.58,0.17,0.25
2363,0.58,0.17,0.25
2364,0.58,0.17,0.25
2365,0.58,0.17,0.25
2366,0.58,0.17,0.25
2367,0.58,0.17,0.25
2368,0.58,0.17,0.25
2369,0.58,0.17,0.25
2370,0.58,0.17,0.25
2371,0.58,0.17,0.25
2372,0.58,0.17,0.25
2373,0.58,0.17,0.25
2374,0.58,0.17,0.25
2375,0.58,0.17,0.25
2376,0.58,0.17,0.25
2377,0.58,0.17,0.25
2378,0.58,0.17,0.25
2379,0.58,0.17,0.25
2380,0.58,0.17,0.25
2381,0.58,0.17,0.25
2382,0.58,0.17,0.25
2383,0.58,0.17,0.25
2384,0.58,0.17,0.25
2385,0.58,0.17,0.25
2386,0.58,0.17,0.25
2387,0.58,0.17,0.25
2388,0.58,0.17,0.25
2389,0.58,0.17,0.25
2390,0.58,0.17,0.25
2391,0.58,0.17,0.25
2392,0.58,0.17,0.25
2393,0.58,0.17,0.25
2394,0.58,0.17,0.25
2395,0.58,0.17,0.25
2396,0.58,0.17,0.25
2397,0.58,0.17,0.25
2398,0.58,0.17,0.25
2399,0.58,0.17,0.25
2400,0.58,0.17,0.25
2401,0.58,0.17,0.25
2402,0.58,0.17,0.25
2403,0.58,0.17,0.25
2404,0.58,0.17,0.25
2405,0.58,0.17,0.25
2406,0.58,0.17,0.25
2407,0.58,0.17,0.25
2408,0.58,0.17,0.25
2409,0.58,0.17,0.25
2410,0.58,0.17,0.25
2411,0.58,0.17,0.25
2412,0.58,0.17,0.25
2413,0.58,0.17,0.25
2414,0.58,0.17,0.25
2415,0.58,0.17,0.25
2416,0.58,0.17,0.25
2417,0.58,0.17,0.25
2418,0.58,0.17,0.25
2419,0.58,0.17,0.25
2420,0.58,0.17,0.25
2421,0.58,0.17,0.25
2422,0.58,0.17,0.25
2423,0.58,0.17,0.25
2424,0.58,0.17,0.25
2425,0.58,0.17,0.25
2426,0.58,0.17,0.25
2427,0.58,0.17,0.25
2428,0.58,0.17,0.25
2429,0.58,0.17,0.25
2430,0.58,0.17,0.25
2431,0.58,0.17,0.25
2432,0.58,0.17,0.25
2433,0.58,0.17,0.25
2434,0.58,0.17,0.25
2435,0.58,0.17,0.25
2436,0.58,0.17,0.25
2437,0.58,0.17,0.25
2438,0.58,0.17,0.25
2439,0.58,0.17,0.25
2440,0.58,0.17,0.25
2441,0.58,0.17,0.25
2442,0.58,0.17,0.25
2443,0.58,0.17,0.25
2444,0.58,0.17,0.25
2445,0.58,0.17,0.25
2446,0.58,0.17,0.25
2447,0.58,0.17,0.25
2448,0.58,0.17,0.25
2449,0.58,0.17,0.25
2450,0.58,0.17,0.25
2451,0.58,0.17,0.25
2452,0.58,0.17,0.25
2453,0.58,0.17,0.25
2454,0.58,0.17,0.25
2455,0.58,0.17,0.25
2456,0.58,0.17,0.25
2457,0.58,0.17,0.25
2458,0.58,0.17,0.25
2459,0.58,0.17,0.25
2460,0.58,0.17,0.25
2461,0.58,0.17,0.25
2462,0.58,0.17,0.25
2463,0.58,0.17,0.25
2464,0.58,0.17,0.25
2465,0.58,0.17,0.25
2466,0.58,0.17,0.25
2467,0.58,0.17,0.25
2468,0.58,0.17,0.25
2469,0.58,0.17,0.25
2470,0.58,0.17,0.25
2471,0.58,0.17,0.25
2472,0.58,0.17,0.25
2473,0.58,0.17,0.25
2474,0.58,0.17,0.25
2475,0.58,0.17,0.25
2476,0.58,0.17,0.25
2477,0.58,0.17,0.25
2478,0.58,0.17,0.25
2479,0.58,0.17,0.25
2480,0.58,0.17,0.25
2481,0.58,0.17,0.25
2482,0.58,0.17,0.25
2483,0.58,0.17,0.25
2484,0.58,0.17,0.25
2485,0.58,0.17,0.25
2486,0.58,0.17,0.25
2487,0.58,0.17,0.25
2488,0.58,0.17,0.25
2489,0.58,0.17,0.25
2490,0.58,0.17,0.25
2491,0.58,0.17,0.25
2492,0.58,0.17,0.25
2493,0.58,0.17,0.25
2494,0.58,0.17,0.25
2495,0.58,0.17,0.25
2496,0.58,0.17,0.25
2497,0.58,0.17,0.25
2498,0.58,0.17,0.25
2499,0.58,0.17,0.25
2500,0.58,0.17,0.25
2501,0.58,0.17,0.25
2502,0.58,0.17,0.25
2503,0.58,0.17,0.25
2504,0.58,0.17,0.25
2505,0.58,0.17,0.25
2506,0.58,0.17,0.25
2507,0.58,0.17,0.25
2508,0.58,0.17,0.25
2509,0.58,0.17,0.25
2510,0.58,0.17,0.25
2511,0.58,0.17,0.25
2512,0.58,0.17,0.25
2513,0.58,0.17,0.25
2514,0.58,0.17,0.25
2515,0.58,0.17,0.25
2516,0.58,0.17,0.25
2517,0.58,0.17,0.25
2518,0.58,0.17,0.25
2519,0.58,0.17,0.25
2520,0.58,0.17,0.25
2521,0.58,0.17,0.25
2522,0.58,0.17,0.25
2523,0.58,0.17,0.25
2524,0.58,0.17,0.25
2525,0.58,0.17,0.25
2526,0.58,0.17,0.25
2527,0.58,0.17,0.25
2528,0.58,0.17,0.25
2529,0.58,0.17,0.25
2530,0.58,0.17,0.25
2531,0.58,0.17,0.25
2532,0.58,0.17,0.25
2533,0.58,0.17,0.25
2534,0.58,0.17,0.25
2535,0.58,0.17,0.25
2536,0.58,0.17,0.25
2537,0.58,0.17,0.25
2538,0.58,0.17,0.25
2539,0.58,0.17,0.25
2540,0.58,0.17,0.25
2541,0.58,0.17,0.25
2542,0.58,0.17,0.25
2543,0.58,0.17,0.25
2544,0.58,0.17,0.25
2545,0.58,0.17,0.25
2546,0.58,0.17,0.25
2547,0.58,0.17,0.25
2548,0.58,0.17,0.25
2549,0.58,0.17,0.25
2550,0.58,0.17,0.25
2551,0.58,0.17,0.25
2552,0.58,0.17,0.25
2553,0.58,0.17,0.25
2554,0.58,0.17,0.25
2555,0.58,0.17,0.25
2556,0.58,0.17,0.25
2557,0.58,0.17,0.25
2558,0.58,0.17,0.25
2559,0.58,0.17,0.25
2560,0.58,0.17,0.25
2561,0.58,0.17,0.25
2562,0.58,0.17,0.25
2563,0.58,0.17,0.25
2564,0.58,0.17,0.25
2565,0.58,0.17,0.25
2566,0.58,0.17,0.25
2567,0.58,0.17,0.25
2568,0.58,0.17,0.25
2569,0.58,0.17,0.25
2570,0.58,0.17,0.25
2571,0.58,0.17,0.25
2572,0.58,0.17,0.25
2573,0.58,0.17,0.25
2574,0.58,0.17,0.25
2575,0.58,0.17,0.25
2576,0.58,0.17,0.25
2577,0.58,0.17,0.25
2578,0.58,0.17,0.25
2579,0.58,0.17,0.25
2580,0.58,0.17,0.25
2581,0.58,0.17,0.25
2582,0.58,0.17,0.25
2583,0.58,0.17,0.25
2584,0.58,0.17,0.25
2585,0.58,0.17,0.25
2586,0.58,0.17,0.25
2587,0.58,0.17,0.25
2588,0.58,0.17,0.25
2589,0.58,0.17,0.25
2590,0.58,0.17,0.25
2591,0.58,0.17,0.25
2592,0.58,0.17,0.25
2593,0.58,0.17,0.25
2594,0.58,0.17,0.25
2595,0.58,0.17,0.25
2596,0.58,0.17,0.25
2597,0.58,0.17,0.25
2598,0.58,0.17,0.25
2599,0.58,0.17,0.25
2600,0.58,0.17,0.25
2601,0.58,0.17,0.25
2602,0.58,0.17,0.25
2603,0.58,0.17,0.25
2604,0.58,0.17,0.25
2605,0.58,0.17,0.25
2606,0.58,0.17,0.25
2607,0.58,0.17,0.25
2608,0.58,0.17,0.25
2609,0.58,0.17,0.25
2610,0.58,0.17,0.25
2611,0.58,0.17,0.25
2612,0.58,0.17,0.25
2613,0.58,0.17,0.25
2614,0.58,0.17,0.25
2615,0.58,0.17,0.25
2616,0.58,0.17,0.25
2617,0.58,0.17,0.25
2618,0.58,0.17,0.25
2619,0.58,0.17,0.25
2620,0.58,0.17,0.25
2621,0.58,0.17,0.25
2622,0.58,0.17,0.25
2623,0.58,0.17,0.25
2624,0.58,0.17,0.25
2625,0.58,0.17,0.25
2626,0.58,0.17,0.25
2627,0.58,0.17,0.25
2628,0.58,0.17,0.25
2629,0.58,0.17,0.25
2630,0.58,0.17,0.25
2631,0.58,0.17,0.25
2632,0.58,0.17,0.25
2633,0.58,0.17,0.25
2634,0.58,0.17,0.25
2635,0.58,0.17,0.25
2636,0.58,0.17,0.25
2637,0.58,0.17,0.25
2638,0.58,0.17,0.25
2639,0.58,0.17,0.25
2640,0.58,0.17,0.25
2641,0.58,0.17,0.25
2642,0.58,0.17,0.25
2643,0.58,0.17,0.25
2644,0.58,0.17,0.25
2645,0.58,0.17,0.25
2646,0.58,0.17,0.25
2647,0.58,0.17,0.25
2648,0.58,0.17,0.25
2649,0.58,0.17,0.25
2650,0.58,0.17,0.25
2651,0.58,0.17,0.25
2652,0.58,0.17,0.25
2653,0.58,0.17,0.25
2654,0.58,0.17,0.25
2655,0.58,0.17,0.25
2656,0.58,0.17,0.25
2657,0.58,0.17,0.25
2658,0.58,0.17,0.25
2659,0.58,0.17,0.25
2660,0.58,0.17,0.25
2661,0.58,0.17,0.25
2662,0.58,0.17,0.25
2663,0.58,0.17,0.25
2664,0.58,0.17,0.25
2665,0.58,0.17,0.25
2666,0.58,0.17,0.25
2667,0.58,0.17,0.25
2668,0.58,0.17,0.25
2669,0.58,0.17,0.25
2670,0.58,0.17,0.25
2671,0.58,0.17,0.25
2672,0.58,0.17,0.25
2673,0.58,0.17,0.25
2674,0.58,0.17,0.25
2675,0.58,0.17,0.25
2676,0.58,0.17,0.25
2677,0.58,0.17,0.25
2678,0.58,0.17,0.25
2679,0.58,0.17,0.25
2680,0.58,0.17,0.25
2681,0.58,0.17,0.25
2682,0.58,0.17,0.25
2683,0.58,0.17,0.25
2684,0.58,0.17,0.25
2685,0.58,0.17,0.25
2686,0.58,0.17,0.25
2687,0.58,0.17,0.25
2688,0.58,0.17,0.25
2689,0.58,0.17,0.25
2690,0.58,0.17,0.25
2691,0.58,0.17,0.25
2692,0.58,0.17,0.25
2693,0.58,0.17,0.25
2694,0.58,0.17,0.25
2695,0.58,0.17,0.25
2696,0.58,0.17,0.25
2697,0.58,0.17,0.25
2698,0.58,0.17,0.25
2699,0.58,0.17,0.25
2700,0.58,0.17,0.25
2701,0.58,0.17,0.25
2702,0.58,0.17,0.25
2703,0.58,0.17,0.25
2704,0.58,0.17,0.25
2705,0.58,0.17,0.25
2706,0.58,0.17,0.25
2707,0.58,0.17,0.25
2708,0.58,0.17,0.25
2709,0.58,0.17,0.25
2710,0.58,0.17,0.25
2711,0.58,0.17,0.25
2712,0.58,0.17,0.25
2713,0.58,0.17,0.25
2714,0.58,0.17,0.25
2715,0.58,0.17,0.25
2716,0.58,0.17,0.25
2717,0.58,0.17,0.25
2718,0.58,0.17,0.25
2719,0.58,0.17,0.25
2720,0.58,0.17,0.25
2721,0.58,0.17,0.25
2722,0.58,0.17,0.25
2723,0.58,0.17,0.25
2724,0.58,0.17,0.25
2725,0.58,0.17,0.25
2726,0.58,0.17,0.25
2727,0.58,0.17,0.25
2728,0.58,0.17,0.25
2729,0.58,0.17,0.25
2730,0.58,0.17,0.25
2731,0.58,0.17,0.25
2732,0.58,0.17,0.25
2733,0.58,0.17,0.25
2734,0.58,0.17,0.25
2735,0.58,0.17,0.25
2736,0.58,0.17,0.25
2737,0.58,0.17,0.25
2738,0.58,0.17,0.25
2739,0.58,0.17,0.25
2740,0.58,0.17,0.25
2741,0.58,0.17,0.25
2742,0.58,0.17,0.25
2743,0.58,0.17,0.25
2744,0.58,0.17,0.25
2745,0.58,0.17,0.25
2746,0.58,0.17,0.25
2747,0.58,0.17,0.25
2748,0.58,0.17,0.25
2749,0.58,0.17,0.25
2750,0.58,0.17,0.25
2751,0.58,0.17,0.25
2752,0.58,0.17,0.25
2753,0.58,0.17,0.25
2754,0.58,0.17,0.25
2755,0.58,0.17,0.25
2756,0.58,0.17,0.25
2757,0.58,0.17,0.25
2758,0.58,0.17,0.25
2759,0.58,0.17,0.25
2760,0.58,0.17,0.25
2761,0.58,0.17,0.25
2762,0.58,0.17,0.25
2763,0.58,0.17,0.25
2764,0.58,0.17,0.25
2765,0.58,0.17,0.25
2766,0.58,0.17,0.25
2767,0.58,0.17,0.25
2768,0.58,0.17,0.25
2769,0.58,0.17,0.25
2770,0.58,0.17,0.25
2771,0.58,0.17,0.25
2772,0.58,0.17,0.25
2773,0.58,0.17,0.25
2774,0.58,0.17,0.25
2775,0.58,0.17,0.25
2776,0.58,0.17,0.25
2777,0.58,0.17,0.25
2778,0.58,0.17,0.25
2779,0.58,0.17,0.25
2780,0.58,0.17,0.25
2781,0.58,0.17,0.25
2782,0.58,0.17,0.25
2783,0.58,0.17,0.25
2784,0.58,0.17,0.25
2785,0.58,0.17,0.25
2786,0.58,0.17,0.25
2787,0.58,0.17,0.25
2788,0.58,0.17,0.25
2789,0.58,0.17,0.25
2790,0.58,0.17,0.25
2791,0.58,0.17,0.25
2792,0.58,0.17,0.25
2793,0.58,0.17,0.25
2794,0.58,0.17,0.25
2795,0.58,0.17,0.25
2796,0.58,0.17,0.25
2797,0.58,0.17,0.25
2798,0.58,0.17,0.25
2799,0.58,0.17,0.25
2800,0.58,0.17,0.25
2801,0.58,0.17,0.25
2802,0.58,0.17,0.25
2803,0.58,0.17,0.25
2804,0.58,0.17,0.25
2805,0.58,0.17,0.25
2806,0.58,0.17,0.25
2807,0.58,0.17,0.25
2808,0.58,0.17,0.25
2809,0.58,0.17,0.25
2810,0.58,0.17,0.25
2811,0.58,0.17,0.25
2812,0.58,0.17,0.25
2813,0.58,0.17,0.25
2814,0.58,0.17,0.25
2815,0.58,0.17,0.25
2816,0.58,0.17,0.25
2817,0.58,0.17,0.25
2818,0.58,0.17,0.25
2819,0.58,0.17,0.25
2820,0.58,0.17,0.25
2821,0.58,0.17,0.25
2822,0.58,0.17,0.25
2823,0.58,0.17,0.25
2824,0.58,0.17,0.25
2825,0.58,0.17,0.25
2826,0.58,0.17,0.25
2827,0.58,0.17,0.25
2828,0.58,0.17,0.25
2829,0.58,0.17,0.25
2830,0.58,0.17,0.25
2831,0.58,0.17,0.25
2832,0.58,0.17,0.25
2833,0.58,0.17,0.25
2834,0.58,0.17,0.25
2835,0.58,0.17,0.25
2836,0.58,0.17,0.25
2837,0.58,0.17,0.25
2838,0.58,0.17,0.25
2839,0.58,0.17,0.25
2840,0.58,0.17,0.25
2841,0.58,0.17,0.25
2842,0.58,0.17,0.25
2843,0.58,0.17,0.25
